-- phpMyAdmin SQL Dump
-- version 4.8.3
-- https://www.phpmyadmin.net/
--
-- Host: localhost
-- Generation Time: Jul 13, 2019 at 12:53 PM
-- Server version: 10.1.37-MariaDB
-- PHP Version: 7.2.12

SET SQL_MODE = "NO_AUTO_VALUE_ON_ZERO";
SET AUTOCOMMIT = 0;
START TRANSACTION;
SET time_zone = "+00:00";


/*!40101 SET @OLD_CHARACTER_SET_CLIENT=@@CHARACTER_SET_CLIENT */;
/*!40101 SET @OLD_CHARACTER_SET_RESULTS=@@CHARACTER_SET_RESULTS */;
/*!40101 SET @OLD_COLLATION_CONNECTION=@@COLLATION_CONNECTION */;
/*!40101 SET NAMES utf8mb4 */;

--
-- Database: `icehr`
--

-- --------------------------------------------------------

--
-- Table structure for table `academic_paper`
--

CREATE TABLE `academic_paper` (
  `id` int(11) NOT NULL,
  `title` varchar(500) NOT NULL,
  `file_name` varchar(200) NOT NULL,
  `first_name` varchar(200) NOT NULL,
  `last_name` varchar(200) NOT NULL,
  `year_published` varchar(4) NOT NULL,
  `abstract` text NOT NULL,
  `fund_source` varchar(200) NOT NULL,
  `created_at` timestamp NOT NULL DEFAULT CURRENT_TIMESTAMP
) ENGINE=InnoDB DEFAULT CHARSET=utf8;

--
-- Dumping data for table `academic_paper`
--

INSERT INTO `academic_paper` (`id`, `title`, `file_name`, `first_name`, `last_name`, `year_published`, `abstract`, `fund_source`, `created_at`) VALUES
(1, 'สถานการณ์การมีส่วนร่วมในการทำงานของนักวิจัยสตรีด้านวิทยาศาสตร์', 'test.pdf', 'กิตติภูมิ', 'วิเศษศักดิ์', '2561', 'ภารกิจด้านงานวิจัยของสถาบัน มีหลักการที่สำคัญคือการผลิตและเผยแพร่องค์ความรู้ทางวิชาการ เพื่อเสริมสร้างศักยภาพของทรัพยากรมนุษย์ในทุกภาคส่วน ทั้งภาครัฐและภาคเอกชน ให้พัฒนาไปอย่างมีทิศทางตอบสนองความต้องการในการพัฒนาประเทศและเท่าทันกับโลก โดยมีงานวิจัยผ่านแหล่งทุนต่าง ๆ ทั้งงบประมาณแผ่นดิน งบจากมหาวิทยาลัยธรรมศาสตร์ และงบจากแหล่งทุนภายนอก นอกจากนี้สถาบันฯ ได้มีการจัดทำวารสาร HR intelligence เพื่อเป็นช่องทางสำหรับการเผยแพร่ความรู้ นวัตกรรม และงานวิจัยในด้านทรัพยากรมนุษย์ในทุกมิติ โดยวารสารได้รับการรับรองคุณภาพจาก TCI อยู่ในกลุ่มที่ 1\r\n\r\nภารกิจด้านงานวิจัยของสถาบัน มีหลักการที่สำคัญคือการผลิตและเผยแพร่องค์ความรู้ทางวิชาการ เพื่อเสริมสร้างศักยภาพของทรัพยากรมนุษย์ในทุกภาคส่วน ทั้งภาครัฐและภาคเอกชน ให้พัฒนาไปอย่างมีทิศทางตอบสนองความต้องการในการพัฒนาประเทศและเท่าทันกับโลก โดยมีงานวิจัยผ่านแหล่งทุนต่าง ๆ ทั้งงบประมาณแผ่นดิน งบจากมหาวิทยาลัยธรรมศาสตร์ และงบจากแหล่งทุนภายนอก นอกจากนี้สถาบันฯ ได้มีการจัดทำวารสาร HR intelligence เพื่อเป็นช่องทางสำหรับการเผยแพร่ความรู้ นวัตกรรม และงานวิจัยในด้านทรัพยากรมนุษย์ในทุกมิติ โดยวารสารได้รับการรับรองคุณภาพจาก TCI อยู่ในกลุ่มที่ 1\r\n\r\nภารกิจด้านงานวิจัยของสถาบัน มีหลักการที่สำคัญคือการผลิตและเผยแพร่องค์ความรู้ทางวิชาการ เพื่อเสริมสร้างศักยภาพของทรัพยากรมนุษย์ในทุกภาคส่วน ทั้งภาครัฐและภาคเอกชน ให้พัฒนาไปอย่างมีทิศทางตอบสนองความต้องการในการพัฒนาประเทศและเท่าทันกับโลก โดยมีงานวิจัยผ่านแหล่งทุนต่าง ๆ ทั้งงบประมาณแผ่นดิน งบจากมหาวิทยาลัยธรรมศาสตร์ และงบจากแหล่งทุนภายนอก นอกจากนี้สถาบันฯ ได้มีการจัดทำวารสาร HR intelligence เพื่อเป็นช่องทางสำหรับการเผยแพร่ความรู้ นวัตกรรม และงานวิจัยในด้านทรัพยากรมนุษย์ในทุกมิติ โดยวารสารได้รับการรับรองคุณภาพจาก TCI อยู่ในกลุ่มที่ 1\r\n\r\nภารกิจด้านงานวิจัยของสถาบัน มีหลักการที่สำคัญคือการผลิตและเผยแพร่องค์ความรู้ทางวิชาการ เพื่อเสริมสร้างศักยภาพของทรัพยากรมนุษย์ในทุกภาคส่วน ทั้งภาครัฐและภาคเอกชน ให้พัฒนาไปอย่างมีทิศทางตอบสนองความต้องการในการพัฒนาประเทศและเท่าทันกับโลก โดยมีงานวิจัยผ่านแหล่งทุนต่าง ๆ ทั้งงบประมาณแผ่นดิน งบจากมหาวิทยาลัยธรรมศาสตร์ และงบจากแหล่งทุนภายนอก นอกจากนี้สถาบันฯ ได้มีการจัดทำวารสาร HR intelligence เพื่อเป็นช่องทางสำหรับการเผยแพร่ความรู้ นวัตกรรม และงานวิจัยในด้านทรัพยากรมนุษย์ในทุกมิติ โดยวารสารได้รับการรับรองคุณภาพจาก TCI อยู่ในกลุ่มที่ 1\r\n\r\nภารกิจด้านงานวิจัยของสถาบัน มีหลักการที่สำคัญคือการผลิตและเผยแพร่องค์ความรู้ทางวิชาการ เพื่อเสริมสร้างศักยภาพของทรัพยากรมนุษย์ในทุกภาคส่วน ทั้งภาครัฐและภาคเอกชน ให้พัฒนาไปอย่างมีทิศทางตอบสนองความต้องการในการพัฒนาประเทศและเท่าทันกับโลก โดยมีงานวิจัยผ่านแหล่งทุนต่าง ๆ ทั้งงบประมาณแผ่นดิน งบจากมหาวิทยาลัยธรรมศาสตร์ และงบจากแหล่งทุนภายนอก นอกจากนี้สถาบันฯ ได้มีการจัดทำวารสาร HR intelligence เพื่อเป็นช่องทางสำหรับการเผยแพร่ความรู้ นวัตกรรม และงานวิจัยในด้านทรัพยากรมนุษย์ในทุกมิติ โดยวารสารได้รับการรับรองคุณภาพจาก TCI อยู่ในกลุ่มที่ 1\r\n\r\nภารกิจด้านงานวิจัยของสถาบัน มีหลักการที่สำคัญคือการผลิตและเผยแพร่องค์ความรู้ทางวิชาการ เพื่อเสริมสร้างศักยภาพของทรัพยากรมนุษย์ในทุกภาคส่วน ทั้งภาครัฐและภาคเอกชน ให้พัฒนาไปอย่างมีทิศทางตอบสนองความต้องการในการพัฒนาประเทศและเท่าทันกับโลก โดยมีงานวิจัยผ่านแหล่งทุนต่าง ๆ ทั้งงบประมาณแผ่นดิน งบจากมหาวิทยาลัยธรรมศาสตร์ และงบจากแหล่งทุนภายนอก นอกจากนี้สถาบันฯ ได้มีการจัดทำวารสาร HR intelligence เพื่อเป็นช่องทางสำหรับการเผยแพร่ความรู้ นวัตกรรม และงานวิจัยในด้านทรัพยากรมนุษย์ในทุกมิติ โดยวารสารได้รับการรับรองคุณภาพจาก TCI อยู่ในกลุ่มที่ 1', 'มหาวิทยาลัยธรรมศาสตร์', '2019-06-25 04:06:02'),
(2, 'aaaaa', '1561537363-AC-2019-0081.pdf', 'bbbbb', 'ccccc', '9999', 'eeeee', 'ddddd', '2019-06-26 07:54:59'),
(3, 'สถานการณ์ภาคใต้', '1561538035-ว 629.pdf', 'พร้อมเลิศ', 'หล่อวิจิตร', '2560', 'ทดสอบๆๆๆๆๆ\n\nทดสอบๆๆๆๆๆๆๆๆ\n\nทดสอบๆๆๆๆๆๆ\n', 'จุฬาลงกรณ์มหาวิทยาลัย', '2019-06-26 08:33:55'),
(4, 'ทดสอบ ทดสอบ', '1562053552729-ว 629.pdf', 'ทดสอบ', 'ทดสอบ', '2562', 'ทดสอบ', 'ทดสอบ', '2019-07-01 09:09:52');

-- --------------------------------------------------------

--
-- Table structure for table `academic_paper_download`
--

CREATE TABLE `academic_paper_download` (
  `id` int(11) NOT NULL,
  `academic_paper_id` int(11) NOT NULL,
  `first_name` varchar(200) NOT NULL,
  `last_name` varchar(200) NOT NULL,
  `organization_name` varchar(200) NOT NULL,
  `job_position` varchar(200) NOT NULL,
  `occupation` varchar(200) NOT NULL,
  `email` varchar(200) NOT NULL,
  `use_purpose` text NOT NULL,
  `created_at` timestamp NOT NULL DEFAULT CURRENT_TIMESTAMP
) ENGINE=InnoDB DEFAULT CHARSET=utf8;

--
-- Dumping data for table `academic_paper_download`
--

INSERT INTO `academic_paper_download` (`id`, `academic_paper_id`, `first_name`, `last_name`, `organization_name`, `job_position`, `occupation`, `email`, `use_purpose`, `created_at`) VALUES
(1, 1, 'พร้อมเลิศ', 'หล่อวิจิตร', '2fellows', 'System Analyst', 'Programmer', 'promlert@gmail.com', 'test', '2019-06-27 07:34:41'),
(2, 1, 'a', 'a', 'a', 'a', 'a', 'a', 'a', '2019-06-27 07:34:41');

-- --------------------------------------------------------

--
-- Table structure for table `course`
--

CREATE TABLE `course` (
  `id` int(11) NOT NULL,
  `course_master_id` int(11) NOT NULL,
  `batch_number` int(11) DEFAULT NULL,
  `details` text NOT NULL,
  `trainee_limit` int(11) NOT NULL DEFAULT '0',
  `application_fee` int(11) DEFAULT NULL,
  `place` varchar(200) NOT NULL,
  `place_type` int(11) DEFAULT NULL,
  `begin_date` date NOT NULL,
  `end_date` date NOT NULL,
  `responsible_user_id` int(11) NOT NULL,
  `status` enum('normal','canceled','deleted','') NOT NULL DEFAULT 'normal',
  `created_at` timestamp NOT NULL DEFAULT CURRENT_TIMESTAMP
) ENGINE=InnoDB DEFAULT CHARSET=utf8;

--
-- Dumping data for table `course`
--

INSERT INTO `course` (`id`, `course_master_id`, `batch_number`, `details`, `trainee_limit`, `application_fee`, `place`, `place_type`, `begin_date`, `end_date`, `responsible_user_id`, `status`, `created_at`) VALUES
(1, 1, 2, '', 30, 7200, 'โรงแรมนารายณ์ ถนนสีลม เขตบางรัก กรุงเทพมหานคร', 1, '2019-06-19', '2019-06-20', 1, 'normal', '2019-06-06 08:05:10'),
(2, 2, 1, '', 30, 4600, 'มหาวิทยาลัยธรรมศาสตร์ ท่าพระจันทร์ เขตพระนคร กรุงเทพมหานคร', 1, '2019-08-29', '2019-09-01', 1, 'normal', '2019-06-06 08:05:10'),
(3, 3, 1, '', 30, 4600, 'มหาวิทยาลัยธรรมศาสตร์ ท่าพระจันทร์ เขตพระนคร กรุงเทพมหานคร', 1, '2019-10-27', '2019-10-28', 1, 'normal', '2019-06-06 08:05:10'),
(4, 1, 1, '<p>ddd</p>\n', 30, 2900, 'มหาวิทยาลัยธรรมศาสตร์ ท่าพระจันทร์ เขตพระนคร กรุงเทพมหานคร', 1, '2019-09-08', '2019-09-09', 1, 'normal', '2019-06-06 08:05:10'),
(5, 2, 40, '<h1>ทดสอบ</h1>\n\n<p>This is my <strong>textarea</strong> to be replaced with CKEditor.</p>\n', 30, 4000, 'Ko Kreate Space', 1, '2019-09-01', '2019-09-03', 1, 'normal', '2019-06-06 08:05:10'),
(6, 1, 111, '<p>111</p>\n', 30, 111, '111', 2, '2019-10-01', '2019-11-01', 2, 'normal', '2019-06-06 08:05:10'),
(7, 2, 555, '<p>444</p>\n', 30, 444, '444', 2, '2019-09-15', '2019-09-16', 1, 'normal', '2019-06-06 08:05:10'),
(8, 3, 999, '<h3><strong>หลักการและเหตุผล</strong></h3>\n\n<p>ระบบเรตติ้ง หรือ Rating System for Audit เป็นเครื่องมือที่ สำคัญอย่างหนึ่งของงานการตรวจสอบภายในสมัยใหม่ เพราะสามารถ สะท้อนระดับความรุนแรงของผลที่พบจากการตรวจสอบได้อย่างชัดเจน มีเกณฑ์เงื่อนไขที่ชัดเจน ซึ่งจะช่วยให้เกิดประสิทธิภาพของงานตรวจสอบ ทั้งในมุมมอง ของผู้ตรวจสอบที่มีประสบการณ์ทักษะที่แตกต่างกันและทั้งหน่วยรับ ตรวจในการรับรู้ล่วงหน้าว่าจะปรับปรุงพัฒนาผลดำเนินงานของตนอย่างไรให้ระดับ Rating ดีขึ้นกว่าการตรวจสอบครั้งก่อนหน้า</p>\n\n<h3><strong>วัตถุประสงค์</strong></h3>\n\n<ol>\n	<li>เพื่อให้ผู้เข้าอบรมเข้าใจมาตรฐานการพัฒนา Audit Risk-Based Rating System เพื่อนำไปใช้ในการพัฒนา ใช้งานตรวจสอบภายใน</li>\n	<li>เพื่อให้ผู้เข้าอบรมได้ทดสอบกรอกข้อมูลความเห็นตาม checklist เพื่อนำไปใช้เป็นต้นแบบการพัฒนา Audit Risk-Based Rating System ในอนาคต</li>\n</ol>\n', 30, 99999, 'Nine nine nine', 2, '2019-10-09', '2019-10-11', 1, 'normal', '2019-06-06 08:05:10'),
(9, 1, 5678, '<ul>\n	<li>1234</li>\n	<li>5678</li>\n	<li>0000</li>\n</ul>\n', 30, 12345678, '12345678', 2, '2019-09-05', '2019-09-08', 2, 'normal', '2019-06-06 08:05:10'),
(10, 9, 2, '<h3>หลักการและเหตุผล</h3>\n\n<p>ความสำเร็จของผู้ที่อยู่ในโลกอาชีพที่มีการแข่งขัน เพื่อเสริมสร้างความสำเร็จให้กับตนเองและองค์กรของผู้ปฏิบัติงาน โดยเฉพาะระดับบังคับบัญชาในองค์กรถูกกำหนดไว้มี 4P คือ</p>\n\n<ol>\n	<li>PROFESSIONAL&nbsp;</li>\n	<li>PERSONALITY</li>\n	<li>POLITIC&nbsp;</li>\n	<li>PRESENTATION</li>\n</ol>\n\n<p>จากแนวทางดังกล่าวข้างต้น รูปแบบบริหารหนึ่งที่มีส่วนผลักดันให้กับความสำเร็จของบุคคลต่าง ๆ ในองค์กร คือ Presentation (การนำเสนอ) ศิลปะการนำเสนอเพื่อครองใจผู้ฟัง (Effective Presentation) เป็นหัวใจขายความคิดให้แก่ผู้ฟัง ลดความแตกต่างระหว่างผู้พูดกับผู้ฟัง สามารถจัดข้อโต้แย้งจากผู้ฟัง และเป็นการช่วยการตัดสินใจของผู้ฟัง ในเวลาที่จำกัด ส่วนสำคัญดังกล่าวต้องอาศัยทักษะในการเตรียมตัวของผู้เสนอ ทั้งด้านการจัดเตรียมการประชุม (Meeting Arrangement) การกำหนดเป้าหมายในการนำเสนอ (Objective Setting) การจัดระบบข้อความเพื่อการนำเสนอ (Agenda Setting) การวิเคราะห์ผู้ฟัง (Audience Analysis) และการจัดเตรียมเอกสารและสื่อเพื่อช่วยในการนำเสนอ (Hand &amp; Visual Aids Preparation) รวมถึงการใช้ทักษะในการสื่อความหมายให้เหมาะสมกับผู้ฟัง ประกอบด้วยน้ำเสียง สายตา การใช้คำพูด และบุคลิกภาพ ซึ่งเป็นศิลปะอีกอย่างหนึ่งที่ขาดไม่ได้</p>\n\n<p>ทักษะในการนำเสนอเพื่อครองใจผู้ฟังที่มีความชำนาญ ต้องอาศัยหลักเกณฑ์ที่มีแบบแผน กระชับ เร้าความสนใจ ชวนติดตาม กอปรกับการปรับปรุงบุคลิกภาพในการนำเสนอเพื่อสร้างความมั่นใจในการแสดงออก ย่อมเป็นเป้าหมายสำหรับ ผู้ที่จำเป็นต้องนำเสนอแผนงานให้แก่กลุ่มผู้ฟังในระดับสูง ทั้งภายในและภายนอกองค์กรของผู้ปฏิบัติงานในตำแหน่งต่าง ๆ ซึ่งจะสร้างความสำเร็จให้กับบุคคลนั้น ๆ และองค์กรในปัจจุบันและอนาคต</p>\n\n<h3>วัตถุประสงค์</h3>\n\n<ol>\n	<li>เพื่อได้รู้จักการกำหนดเป้าหมายและวัตถุประสงค์ในการสร้างศิลปะการนำเสนอเพื่อครองใจผู้ฟัง</li>\n	<li>เพื่อให้เข้าใจกระบวนการสังเกตและปรับแนวทางการนำเสนอด้วยการวิเคราะห์ผู้ฟังอย่างมีประสิทธิภาพ</li>\n	<li>เพื่อให้สามารถจัดลำดับความคิดเห็นและกระบวนการนำเสนออย่างมีขั้นตอนและเข้าใจง่าย</li>\n	<li>เพื่อให้สามารถจัดลำดับข้อมูลได้สมบูรณ์พร้อมสื่ออุปกรณ์เครื่องใช้ในการนำเสนอ</li>\n	<li>เพื่อให้สามารถสร้างความมั่นในการแสดงออกและเป็นแบบอย่างนำเสนอต่อผู้ฟัง</li>\n	<li>เพื่อให้ผู้อบรมได้ฝึกปฏิบัติรูปแบบพื้นฐานการนำเสนอ การแสดงความคิดเห็น การโน้มน้าว การนำเสนอเพื่อการตัดสินใจ การนำเสนอเพื่อขออนุมัติ และการเป็นผู้สอนงาน</li>\n</ol>\n', 300, 500, 'ธรรมศาสตร์ ท่าพระจันทร์', 1, '2019-09-22', '2019-09-30', 1, 'normal', '2019-06-06 08:05:10'),
(11, 11, 1, '', 30, 0, 'โรงแรมแอมบาสเดอร์', 1, '2019-10-01', '2019-10-01', 1, 'normal', '2019-06-06 08:05:10'),
(12, 12, 1, '<p>ห้องประชุมนิคม จันทรวิทุร ชั้น 7 อาคาอเนกประสงค์ 1 มหาวิทยาลัยธรรมศาสตร์ ท่าพระจันทร์</p>\r\n<p>สอบถามข้อมูลเพิ่มเติมได้ที่</p>\r\n<ol>\r\n<li>082-241-2212 คุณปวีณา (เจ้าหน้าที่ดูแลหลักสูตร)</li>\r\n<li>085-927-0795 คุณวิปัศยา (เจ้าหน้าที่ดูแลหลักสูตร)</li>\r\n</ol>', 30, 500, 'มหาวิทยาลัยธรรมศาสตร์ ท่าพระจันทร์', 1, '2019-09-30', '2019-09-30', 1, 'normal', '2019-06-06 08:05:10'),
(13, 12, 2, '<p>ห้องประชุมนิคม จันทรวิทุร ชั้น 7 อาคาอเนกประสงค์ 1 มหาวิทยาลัยธรรมศาสตร์ ท่าพระจันทร์</p>\r\n<p>สอบถามข้อมูลเพิ่มเติมได้ที่</p>\r\n<ol>\r\n<li>082-241-2212 คุณปวีณา (เจ้าหน้าที่ดูแลหลักสูตร)</li>\r\n<li>085-927-0795 คุณวิปัศยา (เจ้าหน้าที่ดูแลหลักสูตร)</li>\r\n</ol>', 30, 500, 'มหาวิทยาลัยธรรมศาสตร์ ท่าพระจันทร์', 1, '2019-10-04', '2019-10-04', 1, 'normal', '2019-06-06 08:05:10'),
(14, 12, 3, '<p>ห้องประชุมนิคม จันทรวิทุร ชั้น 7 อาคาอเนกประสงค์ 1 มหาวิทยาลัยธรรมศาสตร์ ท่าพระจันทร์</p>\r\n<p>สอบถามข้อมูลเพิ่มเติมได้ที่</p>\r\n<ol>\r\n<li>082-241-2212 คุณปวีณา (เจ้าหน้าที่ดูแลหลักสูตร)</li>\r\n<li>085-927-0795 คุณวิปัศยา (เจ้าหน้าที่ดูแลหลักสูตร)</li>\r\n</ol>', 30, 500, 'มหาวิทยาลัยธรรมศาสตร์ ท่าพระจันทร์', 1, '2019-10-06', '2019-10-06', 1, 'normal', '2019-06-06 08:05:10'),
(15, 3, 1, '', 0, 99, '99', 2, '2019-10-01', '2019-10-06', 1, 'normal', '2019-06-17 07:53:18'),
(16, 12, NULL, '<h3><strong>โครงการอบรมเพื่อขอใบอนุญาตขับขี่</strong></h3>\n\n<ul>\n	<li>ทดสอบ</li>\n	<li>ทดสอบ</li>\n	<li>ทดสอบ</li>\n</ul>\n\n<table border=\"1\" cellpadding=\"1\" cellspacing=\"1\" style=\"width:400px\">\n	<tbody>\n		<tr>\n			<td>ทดสอบ</td>\n			<td>ตาราง</td>\n		</tr>\n		<tr>\n			<td>ทดสอบ</td>\n			<td>ตาราง</td>\n		</tr>\n		<tr>\n			<td>ทดสอบ</td>\n			<td>ตาราง</td>\n		</tr>\n	</tbody>\n</table>\n\n<p>&nbsp;</p>\n', 999, NULL, '999', 1, '2019-10-01', '2019-10-01', 1, 'normal', '2019-06-17 08:45:58'),
(17, 10, 2, '', 0, NULL, '2222', 2, '2019-10-02', '2019-11-02', 1, 'normal', '2019-06-17 08:52:19'),
(18, 9, 987, '', 987, 987, '987', 2, '2019-10-09', '2019-10-07', 3, 'normal', '2019-06-17 09:08:51'),
(19, 1, 678, '', 678, 678, '678', 2, '2019-10-06', '2019-10-08', 5, 'normal', '2019-06-17 09:11:26'),
(20, 2, 404, '', 404, 404, '404', 2, '2019-10-04', '2019-11-04', 1, 'normal', '2019-06-17 09:13:20'),
(21, 3, 7, '', 7, 7, '7', 2, '2019-10-07', '2019-10-07', 1, 'normal', '2019-06-17 09:21:17'),
(22, 10, 3, '', 25, NULL, '123', 2, '2019-12-01', '2019-12-01', 1, 'normal', '2019-06-17 10:14:33'),
(23, 1, 1, '<hr />\n<hr />\n<h2 style=\"font-style:italic;\">Test ฝึกอบรม</h2>\n\n<p>เริ่มงาน</p>\n', 2, 4800, 'กรุงเทพฯ', 1, '2019-10-20', '2019-10-21', 1, 'normal', '2019-06-19 04:28:26'),
(24, 13, 1, '<p>1</p>\n', 1, 1, '1', 1, '2019-11-01', '2019-12-01', 1, 'normal', '2019-07-05 07:16:56');

-- --------------------------------------------------------

--
-- Table structure for table `course_asset`
--

CREATE TABLE `course_asset` (
  `id` int(11) NOT NULL,
  `course_id` int(11) NOT NULL,
  `title` varchar(200) DEFAULT NULL,
  `file_name` varchar(200) NOT NULL,
  `type` enum('image','pdf','','') NOT NULL,
  `created_at` timestamp NOT NULL DEFAULT CURRENT_TIMESTAMP
) ENGINE=InnoDB DEFAULT CHARSET=utf8;

--
-- Dumping data for table `course_asset`
--

INSERT INTO `course_asset` (`id`, `course_id`, `title`, `file_name`, `type`, `created_at`) VALUES
(8, 10, NULL, '1562059125199-AC-2019-0081.pdf', 'pdf', '2019-07-02 09:18:45'),
(9, 10, NULL, '1562059125199-AC-2019-0071.pdf', 'pdf', '2019-07-02 09:18:45'),
(10, 5, NULL, '1562227924342-training06.jpg', 'image', '2019-07-04 08:12:04'),
(11, 5, NULL, '1562227924345-training05.jpg', 'image', '2019-07-04 08:12:04'),
(12, 5, NULL, '1562227924346-training04.png', 'image', '2019-07-04 08:12:04'),
(13, 5, NULL, '1562227924346-training03.jpg', 'image', '2019-07-04 08:12:04'),
(14, 5, NULL, '1562227924346-training02.jpg', 'image', '2019-07-04 08:12:04'),
(15, 5, NULL, '1562227924347-training01.jpg', 'image', '2019-07-04 08:12:04'),
(16, 9, NULL, '1562229178127-training06.jpg', 'image', '2019-07-04 08:32:58'),
(17, 9, NULL, '1562229178130-training05.jpg', 'image', '2019-07-04 08:32:58'),
(19, 9, NULL, '1562229178131-training03.jpg', 'image', '2019-07-04 08:32:58'),
(20, 9, NULL, '1562229178131-training02.jpg', 'image', '2019-07-04 08:32:58'),
(21, 9, NULL, '1562229178131-training01.jpg', 'image', '2019-07-04 08:32:58'),
(22, 10, NULL, '1562233482255-training06.jpg', 'image', '2019-07-04 09:44:42'),
(23, 10, NULL, '1562233482258-training05.jpg', 'image', '2019-07-04 09:44:42'),
(24, 5, NULL, '1562234073858-มคอ.5 - 517484-55.pdf', 'pdf', '2019-07-04 09:54:33'),
(26, 10, NULL, '1562293941101-training06.jpg', 'image', '2019-07-05 02:32:21'),
(27, 10, NULL, '1562293941106-training05.jpg', 'image', '2019-07-05 02:32:21'),
(29, 10, NULL, '1562293941107-training03.jpg', 'image', '2019-07-05 02:32:21'),
(30, 10, NULL, '1562293941107-training02.jpg', 'image', '2019-07-05 02:32:21'),
(31, 10, NULL, '1562293941108-training01.jpg', 'image', '2019-07-05 02:32:21'),
(36, 10, NULL, '1562293941110-AC-2019-0071.pdf', 'pdf', '2019-07-05 02:32:21'),
(37, 10, NULL, '1562293941110-AC-2019-0068.pdf', 'pdf', '2019-07-05 02:32:21'),
(38, 10, NULL, '1562293941111-AC-2019-0063.pdf', 'pdf', '2019-07-05 02:32:21'),
(39, 10, NULL, '1562293941111-AC-2019-0061.pdf', 'pdf', '2019-07-05 02:32:21'),
(40, 10, NULL, '1562293941111-AC-2019-0060.pdf', 'pdf', '2019-07-05 02:32:21'),
(41, 10, NULL, '1562293941112-AC-2019-0059.pdf', 'pdf', '2019-07-05 02:32:21'),
(42, 10, NULL, '1562293941112-receipt_2562_1_tonyod.pdf', 'pdf', '2019-07-05 02:32:21'),
(43, 10, NULL, '1562293941113-receipt_2562_1_numnahm.pdf', 'pdf', '2019-07-05 02:32:21'),
(44, 10, NULL, '1562293941113-receipt_2562_1_nooknet.pdf', 'pdf', '2019-07-05 02:32:21');

-- --------------------------------------------------------

--
-- Table structure for table `course_fee`
--

CREATE TABLE `course_fee` (
  `id` int(11) NOT NULL,
  `course_id` int(11) NOT NULL,
  `title` varchar(200) NOT NULL,
  `amount` int(11) DEFAULT NULL,
  `created_at` timestamp NOT NULL DEFAULT CURRENT_TIMESTAMP ON UPDATE CURRENT_TIMESTAMP
) ENGINE=InnoDB DEFAULT CHARSET=utf8;

--
-- Dumping data for table `course_fee`
--

INSERT INTO `course_fee` (`id`, `course_id`, `title`, `amount`, `created_at`) VALUES
(3, 24, 'test1', 111, '2019-07-05 07:34:13'),
(4, 24, 'test2', 222, '2019-07-05 07:34:13'),
(5, 24, 'test3', 333, '2019-07-05 07:34:13'),
(75, 10, 'ราคาปกติ', 5000, '2019-07-05 16:12:12'),
(76, 10, 'Early Bird (ภายใน 10 ส.ค. 62)', 4500, '2019-07-05 16:12:12'),
(77, 10, 'บุคลากร มธ.', 4000, '2019-07-05 16:12:12'),
(78, 10, '10 แถม 1', NULL, '2019-07-05 16:12:12'),
(79, 10, '20 แถม 3', NULL, '2019-07-05 16:12:12');

-- --------------------------------------------------------

--
-- Table structure for table `course_master`
--

CREATE TABLE `course_master` (
  `id` int(11) NOT NULL,
  `title` varchar(500) CHARACTER SET tis620 NOT NULL,
  `category` int(11) DEFAULT NULL COMMENT 'หมวดหมู่หลักสูตร เฉพาะบริการวิชาการ',
  `service_type` enum('training','social','driving-license','') NOT NULL COMMENT 'training = บริการวิชาการ (ฝึกอบรม), social = บริการสังคม, driving-license = บริการอบรมใบขับขี่',
  `created_at` timestamp NOT NULL DEFAULT CURRENT_TIMESTAMP
) ENGINE=InnoDB DEFAULT CHARSET=utf8;

--
-- Dumping data for table `course_master`
--

INSERT INTO `course_master` (`id`, `title`, `category`, `service_type`, `created_at`) VALUES
(1, 'กลยุทธ์การเป็นวิทยากรมืออาชีพ (TRAIN THE TRAINER)', 1, 'training', '2019-05-13 10:44:21'),
(2, 'การเขียนอีเมลภาษาอังกฤษสู่ความสำเร็จยุค THAILAND 4.0', 2, 'training', '2019-05-14 05:29:06'),
(3, 'การจัดทำแผนการพัฒนารายบุคคลเพื่อเพิ่มประสิทธิภาพในการปฏิบัติงาน', 3, 'training', '2019-05-14 07:45:04'),
(9, 'การเขียนภาษาอังกฤษ Thailand 2(Test)', 1, 'training', '2019-05-16 03:34:51'),
(10, 'การยืดเหยียดเพื่อสุนทรียการเคลื่อนไหว', NULL, 'social', '2019-05-23 10:20:35'),
(11, 'โครงการความรู้เบื้องต้นด้านกฎหมายแก่ประชาชน เรื่อง \"กฎหมายเกี่ยวกับการล่วงละเมิดทางเพศ\"', NULL, 'social', '2019-05-23 10:20:35'),
(12, 'บริการอบรมภาคทฤษฎีเพื่อขอใบอนุญาตขับขี่', NULL, 'driving-license', '2019-05-28 10:19:38');

-- --------------------------------------------------------

--
-- Table structure for table `course_registration`
--

CREATE TABLE `course_registration` (
  `id` int(11) NOT NULL,
  `form_number` varchar(20) DEFAULT NULL,
  `member_id` int(11) NOT NULL DEFAULT '0' COMMENT 'ID ของสมาชิกที่ login เข้าระบบและมากรอกข้อมูลสมัคร (0 = ไม่ได้ login)',
  `course_id` int(11) NOT NULL,
  `coordinator_title` varchar(50) DEFAULT NULL,
  `coordinator_first_name` varchar(200) DEFAULT NULL,
  `coordinator_last_name` varchar(200) DEFAULT NULL,
  `coordinator_birth_date` date DEFAULT NULL,
  `coordinator_job_position` varchar(200) DEFAULT NULL,
  `coordinator_organization_name` varchar(200) DEFAULT NULL,
  `coordinator_organization_type` int(11) DEFAULT NULL,
  `coordinator_organization_type_custom` varchar(50) DEFAULT NULL,
  `coordinator_phone` varchar(50) DEFAULT NULL,
  `coordinator_email` varchar(200) DEFAULT NULL,
  `receipt_address` varchar(200) NOT NULL,
  `receipt_sub_district` varchar(50) NOT NULL,
  `receipt_district` varchar(50) NOT NULL,
  `receipt_province` varchar(50) NOT NULL,
  `receipt_postal_code` varchar(10) NOT NULL,
  `receipt_organization_phone` varchar(50) NOT NULL,
  `receipt_tax_id` varchar(50) NOT NULL,
  `status` enum('started','approve_waiting','completed','canceled') NOT NULL DEFAULT 'started' COMMENT 'สถานะการลงทะเบียน',
  `created_at` timestamp NOT NULL DEFAULT CURRENT_TIMESTAMP
) ENGINE=InnoDB DEFAULT CHARSET=utf8;

--
-- Dumping data for table `course_registration`
--

INSERT INTO `course_registration` (`id`, `form_number`, `member_id`, `course_id`, `coordinator_title`, `coordinator_first_name`, `coordinator_last_name`, `coordinator_birth_date`, `coordinator_job_position`, `coordinator_organization_name`, `coordinator_organization_type`, `coordinator_organization_type_custom`, `coordinator_phone`, `coordinator_email`, `receipt_address`, `receipt_sub_district`, `receipt_district`, `receipt_province`, `receipt_postal_code`, `receipt_organization_phone`, `receipt_tax_id`, `status`, `created_at`) VALUES
(6, '2019-0006', 22, 1, 'นาง', 'มานี', 'มีนา', '0000-00-00', 'พนักงานบริษัทเอกชน', '3bugs', 1, NULL, '123', 'manee@gmail.com', '11/13', 'ลาดยาว', 'จตุจักร', 'กรุงเทพมหานคร', '10900', '123', '123', 'approve_waiting', '2019-05-13 08:57:54'),
(7, '2019-0007', 22, 1, 'นาง', 'มานี', 'มีนา', '0000-00-00', 'พนักงานบริษัทเอกชน', '3bugs', 1, NULL, '123', 'manee@gmail.com', '11/13', 'ลาดยาว', 'จตุจักร', 'กรุงเทพมหานคร', '10900', '123', '123', 'completed', '2019-05-13 08:57:54'),
(8, '2019-0008', 22, 1, 'นาง', 'มานี', 'มีนา', '0000-00-00', 'พนักงานบริษัทเอกชน', '3bugs', 1, NULL, '123', 'manee@gmail.com', '11/13', 'ลาดยาว', 'จตุจักร', 'กรุงเทพมหานคร', '10900', '123', '123', 'canceled', '2019-05-13 09:27:30'),
(9, '2019-0009', 0, 1, 'นางสาว', 'เอมอร', 'สมรศรี', '0000-00-00', 'SA', 'Co coperation', 3, NULL, '0978878889', 'Co@hotmail.com', '14 ซอย 2 ถนน กาญจนวานิช', 'จอมพล', 'จตุจัก', 'กรุงเทพมหานคร', '10400', '023345334', '118893245333', 'completed', '2019-05-14 05:38:09'),
(10, '2019-0010', 0, 10, 'นางสาว', 'เอมี่', 'รีไวล์', '0000-00-00', 'ผู้กำกับ', 'ตจว', 1, NULL, '0988899997', 'Ami@hotmail.com', '44ซ7ถนนพหลโยทิน', 'จตุจักร', 'จตุจักร', 'กรุงเทพ', '10900', '023345555', '123456789', 'approve_waiting', '2019-05-16 04:13:51'),
(11, '2019-0011', 22, 7, 'นาย', 'aaa', 'aaa', '0000-00-00', 'aaa', 'aaa', 1, NULL, '111', 'aaa@aaa.com', '111', 'aaa', 'aaa', 'aaa', '111', '111', '111', 'started', '2019-05-16 06:49:03'),
(12, '2019-0012', 0, 10, 'นางสาว', 'เอมอร', 'สมรศรี', '0000-00-00', 'SA', 'Co coperation', 3, NULL, '0978878889', 'Co@hotmail.com', '14 ซอย 2 ถนน กาญจนวานิช', 'จอมพล', 'จตุจัก', 'กรุงเทพมหานคร', '10400', '023345334', '118893245333', 'completed', '2019-05-16 09:32:54'),
(13, '2019-0013', 0, 10, 'นางสาว', 'เอมอร', 'สมรศรี', '0000-00-00', 'SA', 'Co coperation', 3, NULL, '0978878889', 'Co@hotmail.com', '14 ซอย 2 ถนน กาญจนวานิช', 'จอมพล', 'จตุจัก', 'กรุงเทพมหานคร', '10400', '023345334', '118893245333', 'started', '2019-05-16 09:33:20'),
(14, '2019-0014', 0, 10, 'นางสาว', 'เอมอร', 'สมรศรี', '0000-00-00', 'SA', 'Co coperation', 3, NULL, '0978878889', 'Co@hotmail.com', '14 ซอย 2 ถนน กาญจนวานิช', 'จอมพล', 'จตุจัก', 'กรุงเทพมหานคร', '10400', '023345334', '118893245333', 'approve_waiting', '2019-05-16 09:37:28'),
(15, '2019-0015', 0, 10, 'นางสาว', 'เอมอร', 'สมรศรี', '0000-00-00', 'SA', 'Co coperation', 3, NULL, '0978878889', 'Co@hotmail.com', '14 ซอย 2 ถนน กาญจนวานิช', 'จอมพล', 'จตุจัก', 'กรุงเทพมหานคร', '10400', '023345334', '118893245333', 'approve_waiting', '2019-05-16 09:50:14'),
(16, '2019-0016', 99, 6, 'นาย', 'พร้อมเลิศ', 'หล่อวิจิตร', '0000-00-00', 'System Analyst', '2fellows', 3, NULL, '0850581776', 'promlert@gmail.com', '11/13', 'ลาดยาว', 'จตุจักร', 'กรุงเทพมหานคร', '10900', '0123456789', '9876543210', 'started', '2019-05-16 09:55:23'),
(17, '2019-0017', 101, 10, 'นางสาว', 'เอมอร', 'สมรศรี', '0000-00-00', 'SA', 'Co coperation', 3, NULL, '0978878889', 'Co@hotmail.com', '14 ซอย 2 ถนน กาญจนวานิช', 'จอมพล', 'จตุจัก', 'กรุงเทพมหานคร', '10400', '023345334', '118893245333', 'started', '2019-05-16 09:58:38'),
(18, '2019-0018', 102, 2, 'นาย', 'พร้อมเลิศ', 'หล่อวิจิตร', '0000-00-00', 'IT', '2fellows', 3, NULL, '012345678', 'promlert123@gmail.com', '123/456', 'ลาดยาว', 'จตุจักร', 'กรุงเทพมหานคร', '10900', '012345689', '123', 'started', '2019-05-17 03:17:23'),
(19, '2019-0019', 102, 2, 'นาย', 'พร้อมเลิศ', 'หล่อวิจิตร', '0000-00-00', 'IT', '2fellows', 3, NULL, '012345678', 'promlert123@gmail.com', 'a', 'a', 'a', 'a', '1', '1', '1', 'started', '2019-05-21 09:50:46'),
(20, '2019-0020', 102, 2, 'นาย', 'พร้อมเลิศ', 'หล่อวิจิตร', '0000-00-00', 'IT', '2fellows', 3, NULL, '012345678', 'promlert123@gmail.com', 'b', 'b', 'b', 'b', '2', '2', '2', 'started', '2019-05-21 09:52:07'),
(21, '2019-0021', 102, 2, 'นาย', 'พร้อมเลิศ', 'หล่อวิจิตร', '0000-00-00', 'IT', '2fellows', 3, NULL, '012345678', 'promlert123@gmail.com', 'b', 'b', 'b', 'b', '2', '2', '2', 'started', '2019-05-21 09:52:43'),
(22, '2019-0022', 102, 2, 'นาย', 'พร้อมเลิศ', 'หล่อวิจิตร', '0000-00-00', 'IT', '2fellows', 3, NULL, '012345678', 'promlert123@gmail.com', 'b', 'b', 'b', 'b', '2', '2', '2', 'started', '2019-05-21 09:53:37'),
(23, '2019-0023', 102, 2, 'นาย', 'พร้อมเลิศ', 'หล่อวิจิตร', '0000-00-00', 'IT', '2fellows', 3, NULL, '012345678', 'promlert123@gmail.com', 'c', 'c', 'c', 'c', '3', '3', '3', 'started', '2019-05-21 09:57:07'),
(24, '2019-0024', 102, 5, 'นาย', 'พร้อมเลิศ', 'หล่อวิจิตร', '0000-00-00', 'IT', '2fellows', 3, NULL, '012345678', 'promlert123@gmail.com', 'a', 'a', 'a', 'a', '1', '1', '1', 'started', '2019-05-23 08:19:44'),
(25, '2019-0025', 99, 5, 'นาย', 'พร้อมเลิศ', 'หล่อวิจิตร', '0000-00-00', 'System Analyst', '2fellows', 9999, 'ทดสอบ', '0850581776', 'promlert@gmail.com', 'ฟฟฟ', 'ฟฟฟ', 'ฟฟฟ', 'ฟฟฟ', '555', '555', '555', 'started', '2019-05-27 06:30:58'),
(26, '2019-0026', 99, 5, 'นาย', 'พร้อมเลิศ', 'หล่อวิจิตร', '0000-00-00', 'System Analyst', '2fellows', 9999, 'องค์กรลับ', '0850581776', 'promlert@gmail.com', '1', '1', '1', '1', '1', '1', '1', 'started', '2019-05-27 06:34:44'),
(27, '2019-0027', 99, 9, 'นาย', 'พร้อมเลิศ', 'หล่อวิจิตร', '0000-00-00', 'System Analyst', '2fellows', 9999, 'hahaha', '0850581776', 'promlert@gmail.com', '5', '5', '5', '5', '5', '5', '5', 'started', '2019-05-27 06:37:06'),
(28, '2019-0028', 99, 9, 'นาย', 'พร้อมเลิศ', 'หล่อวิจิตร', '0000-00-00', 'System Analyst', '2fellows', 9999, 'อื่นๆๆๆๆๆ', '0850581776', 'promlert@gmail.com', '6', '6', '6', '6', '6', '6', '6', 'started', '2019-05-27 06:38:59'),
(29, '2019-0029', 99, 9, 'นาย', 'พร้อมเลิศ', 'หล่อวิจิตร', '0000-00-00', 'System Analyst', '2fellows', 9999, 'yyy', '0850581776', 'promlert@gmail.com', '8', '8', '8', '8', '8', '8', '8', 'started', '2019-05-27 06:56:39'),
(30, '2019-0030', 99, 9, 'นาย', 'พร้อมเลิศ', 'หล่อวิจิตร', '0000-00-00', 'System Analyst', '2fellows', 9999, 'ttt', '0850581776', 'promlert@gmail.com', '9', '9', '9', '9', '9', '9', '9', 'started', '2019-05-27 06:58:48'),
(31, '2019-0031', 99, 9, 'นาย', 'พร้อมเลิศ', 'หล่อวิจิตร', '0000-00-00', 'System Analyst', '2fellows', 3, NULL, '0850581776', 'promlert@gmail.com', '0', '0', '0', '0', '0', '0', '0', 'started', '2019-05-27 07:03:08'),
(32, '2019-0032', 99, 9, 'นาย', 'พร้อมเลิศ', 'หล่อวิจิตร', '0000-00-00', 'System Analyst', '2fellows', 3, NULL, '0850581776', 'promlert@gmail.com', '0', '0', '0', '0', '0', '0', '0', 'started', '2019-05-27 07:21:24'),
(33, '2019-0033', 99, 9, 'นาย', 'พร้อมเลิศ', 'หล่อวิจิตร', '0000-00-00', 'System Analyst', '2fellows', 1, '', '0850581776', 'promlert@gmail.com', '0', '0', '0', '0', '0', '0', '0', 'started', '2019-05-27 07:23:04'),
(34, '2019-0034', 99, 9, 'นาย', 'พร้อมเลิศ', 'หล่อวิจิตร', '0000-00-00', 'System Analyst', '2fellows', 3, NULL, '0850581776', 'promlert@gmail.com', '3', '3', '3', '3', '3', '3', '3', 'started', '2019-05-27 07:25:43'),
(35, '2019-0035', 0, 9, 'นาย', 'q', 'q', '0000-00-00', 'q', 'q', 1, 'q', 'q', 'q@q.com', '1', '1', '1', '1', '1', '1', '1', 'started', '2019-05-27 09:17:15'),
(36, '2019-0036', 0, 9, 'นาย', '1', '1', '0000-00-00', '1', '1', 9999, '1', '1', 'a@a.com', '1', '1', '1', '1', '1', '1', '1', 'started', '2019-05-27 09:19:19'),
(37, '2019-0037', 107, 9, 'นาย', 'a', 'a', '0000-00-00', 'a', 'a', 9999, 'a', 'a', 'a@a.com', '2', '2', '2', '2', '2', '2', '2', 'started', '2019-05-27 09:20:57'),
(38, '2019-0038', 0, 9, 'นาง', '2', '2', '0000-00-00', '2', '2', 9999, '2', '2', 'b@b.com', '2', '2', '2', '2', '2', '2', '2', 'started', '2019-05-27 09:22:17'),
(39, 'AC-2019-0039', 99, 8, 'นาย', 'พร้อมเลิศ', 'หล่อวิจิตร', '1974-11-22', 'System Analyst', '2fellows', 3, '', '0850581776', 'promlert@gmail.com', '2', '2', '2', '2', '22222', '2', '2', 'started', '2019-06-04 04:15:33'),
(40, 'AC-2019-0040', 99, 8, 'นาย', 'พร้อมเลิศ', 'หล่อวิจิตร', '1974-11-21', 'System Analyst', '2fellows', 3, '', '0850581776', 'promlert@gmail.com', '3', '3', '3', '3', '33333', '3', '3', 'started', '2019-06-04 04:28:08'),
(41, 'AC-2019-0041', 0, 8, 'นาง', 'ข', 'ข', '2019-06-02', 'ข', 'ข', 2, NULL, '2', 'b@b.com', 'ค', 'ค', 'ค', 'ค', '33333', 'ค', 'ค', 'started', '2019-06-04 04:52:55'),
(42, 'AC-2019-0042', 0, 8, 'นาย', '1', '1', '2019-01-01', '1', '1', 1, NULL, '1', 'aaa@aaa.com', '3', '3', '3', '3', '33333', '3', '3', 'started', '2019-06-04 04:55:55'),
(43, 'AC-2019-0043', 0, 5, 'นาย', '1', '1', '2019-06-01', '1', '1', 1, NULL, '1', 'a@a.com', '1', '1', '1', '1', '11111', '1', '1', 'started', '2019-06-04 09:53:47'),
(44, 'AC-2019-0044', 99, 5, 'นาย', 'พร้อมเลิศ', 'หล่อวิจิตร', '1974-11-21', 'System Analyst', '2fellows', 3, '', '0850581776', 'promlert@gmail.com', '5', '5', '5', '5', '55555', '5', '5', 'started', '2019-06-04 10:03:15'),
(45, 'AC-2019-0045', 99, 5, 'นาย', 'พร้อมเลิศ', 'หล่อวิจิตร', '1974-11-21', 'System Analyst', '2fellows', 3, '', '0850581776', 'promlert@gmail.com', '3', '3', '3', '3', '33333', '3', '3', 'started', '2019-06-05 06:30:43'),
(46, 'AC-2019-0046', 99, 5, 'นาย', 'พร้อมเลิศ', 'หล่อวิจิตร', '1974-11-21', 'System Analyst', '2fellows', 3, '', '0850581776', 'promlert@gmail.com', 'aaa', 'aaa', 'aaa', 'aaa', '11111', '111', '111', 'started', '2019-06-05 08:42:00'),
(47, 'AC-2019-0047', 99, 9, 'นาย', 'พร้อมเลิศ', 'หล่อวิจิตร', '1974-11-21', 'System Analyst', '2fellows', 3, '', '0850581776', 'promlert@gmail.com', '11/13 วรวรรณ พาร์ค คอนโดมิเนียม ซ.งามวงศ์วาน 59 (วัดเทวสุนทร)', 'ลาดยาว', 'จตุจักร', 'กรุงเทพฯ', '10900', '0812345678', '9876543210', 'started', '2019-06-07 06:41:34'),
(48, 'AC-2019-0048', 99, 9, 'นาย', 'พร้อมเลิศ', 'หล่อวิจิตร', '1974-11-21', 'System Analyst', '2fellows', 3, '', '0850581776', 'promlert@gmail.com', '1', '1', '1', '1', '11111', '1', '1', 'started', '2019-06-07 08:59:37'),
(49, 'AC-2019-0049', 99, 9, 'นาย', 'พร้อมเลิศ', 'หล่อวิจิตร', '1974-11-21', 'System Analyst', '2fellows', 3, '', '0850581776', 'promlert@gmail.com', '555', '555', '555', '555', '55555', '555', '555', 'started', '2019-06-08 06:19:19'),
(50, 'AC-2019-0050', 99, 9, 'นาย', 'พร้อมเลิศ', 'หล่อวิจิตร', '1974-11-21', 'System Analyst', '2fellows', 3, '', '0850581776', 'promlert@gmail.com', '99', '99', '99', '99', '99999', '99', '99', 'started', '2019-06-08 06:58:37'),
(51, 'AC-2019-0051', 99, 9, 'นาย', 'พร้อมเลิศ', 'หล่อวิจิตร', '1974-11-21', 'System Analyst', '2fellows', 3, '', '0850581776', 'promlert@gmail.com', '777', '777', '777', '777', '77777', '777', '777', 'started', '2019-06-08 06:59:33'),
(52, 'AC-2019-0052', 99, 9, 'นาย', 'พร้อมเลิศ', 'หล่อวิจิตร', '1974-11-21', 'System Analyst', '2fellows', 3, '', '0850581776', 'promlert@gmail.com', '123', '123', '123', '123', '12345', '123', '123', 'started', '2019-06-08 07:02:24'),
(53, 'AC-2019-0053', 99, 6, 'นาย', 'พร้อมเลิศ', 'หล่อวิจิตร', '1974-11-21', 'System Analyst', '2fellows', 3, '', '0850581776', 'promlert@gmail.com', '111', '111', '111', '111', '11111', '111', '111', 'started', '2019-06-10 03:21:59'),
(54, 'AC-2019-0054', 99, 6, 'นาย', 'พร้อมเลิศ', 'หล่อวิจิตร', '1974-11-21', 'System Analyst', '2fellows', 3, '', '0850581776', 'promlert@gmail.com', '9', '9', '9', '9', '99999', '9', '9', 'started', '2019-06-10 03:26:19'),
(55, 'AC-2019-0055', 99, 6, 'นาย', 'พร้อมเลิศ', 'หล่อวิจิตร', '1974-11-21', 'System Analyst', '2fellows', 3, '', '0850581776', 'promlert@gmail.com', '9', '9', '9', '9', '99999', '9', '9', 'started', '2019-06-10 03:31:41'),
(56, 'AC-2019-0056', 99, 6, 'นาย', 'พร้อมเลิศ', 'หล่อวิจิตร', '1974-11-21', 'System Analyst', '2fellows', 3, '', '0850581776', 'promlert@gmail.com', '8', '8', '8', '8', '88888', '8', '8', 'started', '2019-06-10 04:05:00'),
(57, 'AC-2019-0057', 99, 6, 'นาย', 'พร้อมเลิศ', 'หล่อวิจิตร', '1974-11-21', 'System Analyst', '2fellows', 3, '', '0850581776', 'promlert@gmail.com', '6', '6', '6', '6', '66666', '6', '6', 'started', '2019-06-10 04:25:52'),
(58, 'AC-2019-0058', 99, 6, 'นาย', 'พร้อมเลิศ', 'หล่อวิจิตร', '1974-11-21', 'System Analyst', '2fellows', 3, '', '0850581776', 'promlert@gmail.com', '34', '34', '34', '34', '34434', '34', '34', 'started', '2019-06-10 04:55:20'),
(59, 'AC-2019-0059', 99, 8, 'นางสาว', 'c', 'c', '2019-06-03', 'c', 'c', 3, '', 'c', 'c@c.com', '987', '987', '987', '987', '98789', '987', '987', 'started', '2019-06-10 05:31:59'),
(60, 'AC-2019-0060', 99, 8, 'นาย', 'พร้อมเลิศ', 'หล่อวิจิตร', '1974-11-21', 'System Analyst', '2fellows', 3, '', '0850581776', 'promlert@gmail.com', '2', '2', '2', '2', '22222', '2', '2', 'started', '2019-06-10 06:30:38'),
(61, 'AC-2019-0061', 99, 8, 'นาย', 'พร้อมเลิศ', 'หล่อวิจิตร', '1974-11-21', 'System Analyst', '2fellows', 3, '', '0850581776', 'promlert@gmail.com', '0', '0', '0', '0', '11111', '0', '0', 'started', '2019-06-10 06:33:30'),
(62, 'AC-2019-0062', 99, 8, 'นาย', 'พร้อมเลิศ', 'หล่อวิจิตร', '1974-11-21', 'System Analyst', '2fellows', 3, '', '0850581776', 'promlert@gmail.com', 'd', 'd', 'd', 'd', '88888', 'd', 'd', 'started', '2019-06-10 06:39:48'),
(63, 'AC-2019-0063', 99, 8, 'นาย', 'พร้อมเลิศ', 'หล่อวิจิตร', '1974-11-21', 'System Analyst', '2fellows', 3, '', '0850581776', 'promlert@gmail.com', '7', '7', '7', '777', '77777', '7', '7', 'started', '2019-06-10 06:48:05'),
(64, 'AC-2019-0064', 99, 8, 'นาย', 'พร้อมเลิศ', 'หล่อวิจิตร', '1974-11-21', 'System Analyst', '2fellows', 3, '', '0850581776', 'promlert@gmail.com', '999', '999', '999', '999', '99999', '999', '999', 'started', '2019-06-10 07:01:43'),
(65, 'AC-2019-0065', 99, 8, 'นาย', 'พร้อมเลิศ', 'หล่อวิจิตร', '1974-11-21', 'System Analyst', '2fellows', 3, '', '0850581776', 'promlert@gmail.com', '0', '0', '0', '0', '12345', '0', '0', 'started', '2019-06-10 07:04:38'),
(66, 'AC-2019-0066', 99, 8, 'นาย', 'พร้อมเลิศ', 'หล่อวิจิตร', '1974-11-21', 'System Analyst', '2fellows', 3, '', '0850581776', 'promlert@gmail.com', '1', '1', '1', '1', '11111', '1', '1', 'started', '2019-06-10 07:07:10'),
(67, 'AC-2019-0067', 99, 8, NULL, NULL, NULL, NULL, NULL, NULL, NULL, NULL, NULL, NULL, '1', '1', '1', '1', '11111', '1', '1', 'started', '2019-06-10 07:42:35'),
(68, 'AC-2019-0068', 99, 8, NULL, NULL, NULL, NULL, NULL, NULL, NULL, NULL, NULL, NULL, '.', '.', '.', '.', '77777', '.', '.', 'started', '2019-06-10 07:48:34'),
(69, 'AC-2019-0069', 99, 8, 'นาง', 'b', 'b', '2019-06-02', 'b', 'b', 1, '', 'b', 'b@b.com', '-', '-', '-', '-', '11111', '-', '-', 'started', '2019-06-10 07:50:19'),
(70, 'AC-2019-0070', 99, 8, NULL, NULL, NULL, NULL, NULL, NULL, NULL, NULL, NULL, NULL, 'i', 'i', 'i', 'i', '11111', 'i', 'i', 'started', '2019-06-10 08:12:38'),
(71, 'AC-2019-0071', 99, 5, 'นาย', 'พร้อมเลิศ', 'หล่อวิจิตร', '1974-11-21', 'System Analyst', '2fellows', 3, '', '0850581776', 'promlert@gmail.com', 'a', 'a', 'a', 'a', '11111', 'a', 'a', 'started', '2019-06-12 02:42:04'),
(72, 'AC-2019-0072', 99, 9, 'นาย', 'พร้อมเลิศ', 'หล่อวิจิตร', '1974-11-21', 'System Analyst', '2fellows', 9999, 'aaa', '0850581776', 'promlert@gmail.com', '1', '1', '1', '1', '11111', '1', '1', 'started', '2019-06-13 02:32:16'),
(73, 'AC-2019-0073', 99, 5, NULL, NULL, NULL, NULL, NULL, NULL, NULL, NULL, NULL, NULL, '88', '88', '88', '88', '88888', '88', '88', 'started', '2019-06-13 05:06:54'),
(74, NULL, 99, 7, NULL, NULL, NULL, NULL, NULL, NULL, NULL, NULL, NULL, NULL, '1', '1', '1', '1', '11111', '1', '1', 'started', '2019-06-19 04:47:00'),
(75, 'AC-2019-0075', 99, 7, NULL, NULL, NULL, NULL, NULL, NULL, NULL, NULL, NULL, NULL, '1', '1', '1', '1', '11111', '1', '1', 'started', '2019-06-19 04:48:36'),
(76, 'AC-2019-0076', 110, 23, NULL, NULL, NULL, NULL, NULL, NULL, NULL, NULL, NULL, NULL, '4 หมู่ 5', 'จตุจักร', 'จตุจักร', 'กรุงเทพ', '10400', '0987789988', '-', 'started', '2019-06-19 06:02:18'),
(77, 'AC-2019-0077', 111, 23, NULL, NULL, NULL, NULL, NULL, NULL, NULL, NULL, NULL, NULL, '3 ถนน วิภาวดี', 'จอมพล', 'จตุจ้กร', 'กรุงเทพ', '10400', '0943345567', '112298877661323', 'started', '2019-06-19 09:58:24'),
(78, 'AC-2019-0078', 99, 7, NULL, NULL, NULL, NULL, NULL, NULL, NULL, NULL, NULL, NULL, '1', '1', '1', '1', '11111', '1', '1', 'started', '2019-06-20 09:06:43'),
(79, 'AC-2019-0079', 99, 7, 'นาย', 'พร้อมเลิศ', 'หล่อวิจิตร', '1974-11-21', 'System Analyst', '2fellows', 3, '', '0850581776', 'promlert@gmail.com', '5', '5', '5', '5', '55555', '5', '5', 'started', '2019-06-20 09:12:24'),
(80, 'AC-2019-0080', 99, 7, 'นาย', 'พร้อมเลิศ', 'หล่อวิจิตร', '1974-11-21', 'System Analyst', '2fellows', 3, '', '0850581776', 'promlert@gmail.com', '1', '1', '1', '1', '11111', '1', '1', 'started', '2019-06-20 09:14:06'),
(81, 'AC-2019-0081', 112, 7, 'นาย', 'สมชาย', 'สบายดี', '2019-06-20', 'ส', 'ส', 1, NULL, '1', 'somchai@gmail.com', '1', '1', '1', '1', '11111', '11', '1', 'started', '2019-06-20 09:18:06'),
(82, 'AC-2019-0082', 112, 4, 'นาย', 'สมชาย', 'สบายดี', '2019-06-20', 'ส', 'ส', 1, NULL, '1', 'somchai@gmail.com', '1', '1', '1', '1', '11111', '11', '1', 'started', '2019-06-20 09:19:51'),
(83, 'AC-2019-0083', 112, 4, 'นาย', 'สมชาย', 'สบายดี', '2019-06-20', 'ส', 'ส', 1, NULL, '1', 'somchai@gmail.com', '1', '1', '1', '1', '11111', '11', '1', 'started', '2019-06-20 09:21:37'),
(84, 'AC-2019-0084', 112, 4, NULL, NULL, NULL, NULL, NULL, NULL, NULL, NULL, NULL, NULL, '1', '1', '1', '1', '11111', '11', '1', 'started', '2019-06-20 09:22:40'),
(85, 'AC-2019-0085', 112, 4, NULL, NULL, NULL, NULL, NULL, NULL, NULL, NULL, NULL, NULL, '1', '1', '1', '1', '11111', '11', '1', 'started', '2019-06-20 09:23:32');

-- --------------------------------------------------------

--
-- Table structure for table `course_registration_driving_license`
--

CREATE TABLE `course_registration_driving_license` (
  `id` int(11) NOT NULL,
  `form_number` varchar(20) NOT NULL,
  `member_id` int(11) NOT NULL COMMENT 'ID ของสมาชิกที่ login เข้าระบบและมากรอกข้อมูลสมัคร (0 = ไม่ได้ login)',
  `course_id` int(11) NOT NULL,
  `title` varchar(50) NOT NULL,
  `first_name` varchar(200) NOT NULL,
  `last_name` varchar(200) NOT NULL,
  `pid` varchar(20) NOT NULL COMMENT 'เลขประจำตัวประชาชน 13 หลัก',
  `address` varchar(200) NOT NULL,
  `moo` varchar(10) NOT NULL,
  `soi` varchar(50) NOT NULL,
  `road` varchar(50) NOT NULL,
  `sub_district` varchar(50) NOT NULL,
  `district` varchar(50) NOT NULL,
  `province` varchar(50) NOT NULL,
  `postal_code` varchar(10) NOT NULL,
  `phone` varchar(50) NOT NULL,
  `pid_file_name` varchar(100) NOT NULL,
  `course_type` int(11) NOT NULL COMMENT 'ประเภทหลักสูตรอบรม เช่น 5 ชม., 2 ชม. หรือ 1 ชม. หรืออื่นๆ',
  `license_type` int(11) NOT NULL COMMENT 'ประเภทใบอนุญาตขับรถ (bit field: bit 0 = รถ, bit 1 = มอเตอร์ไซค์, bit 2 = สามล้อ)',
  `register_status` enum('start','wait-approve','complete','cancel') NOT NULL,
  `doc_status` int(11) NOT NULL DEFAULT '0' COMMENT 'สถานะเอกสารการสมัคร (1 = ครบ, 0 = ไม่ครบ)',
  `subject_1_result` int(11) NOT NULL DEFAULT '0' COMMENT 'ผลการอบรม วิชาที่ 1 (1 = ผ่าน, 0 = ไม่ผ่าน)',
  `subject_2_result` int(11) NOT NULL DEFAULT '0' COMMENT 'ผลการอบรม วิชาที่ 2',
  `subject_3_result` int(11) NOT NULL DEFAULT '0' COMMENT 'ผลการอบรม วิชาที่ 3',
  `subject_4_result` int(11) NOT NULL DEFAULT '0' COMMENT 'ผลการอบรม วิชาที่ 4',
  `paid_amount` decimal(13,2) DEFAULT NULL,
  `created_at` timestamp NOT NULL DEFAULT CURRENT_TIMESTAMP
) ENGINE=InnoDB DEFAULT CHARSET=utf8;

--
-- Dumping data for table `course_registration_driving_license`
--

INSERT INTO `course_registration_driving_license` (`id`, `form_number`, `member_id`, `course_id`, `title`, `first_name`, `last_name`, `pid`, `address`, `moo`, `soi`, `road`, `sub_district`, `district`, `province`, `postal_code`, `phone`, `pid_file_name`, `course_type`, `license_type`, `register_status`, `doc_status`, `subject_1_result`, `subject_2_result`, `subject_3_result`, `subject_4_result`, `paid_amount`, `created_at`) VALUES
(1, 'DL-2019-0001', 0, 14, 'นางสาว', 'ส', 'ส', '3100600317068', 'ส', '', '', '', 'ส', 'ส', 'ส', '111', '111', '', 2, 7, 'complete', 0, 0, 0, 0, 0, '1000.00', '2019-05-30 07:42:15'),
(2, 'DL-2019-0002', 0, 14, 'นาย', '1', '1', '3100600317068', '1', '', '', '', '1', '1', '1', '1', '1', '', 1, 1, 'complete', 0, 0, 0, 0, 0, NULL, '2019-05-30 08:58:58'),
(3, 'DL-2019-0003', 0, 14, 'นาง', '2', '2', '3100600317068', '2', '', '', '', '2', '2', '2', '2', '2', '', 2, 2, 'complete', 0, 0, 0, 0, 0, NULL, '2019-05-30 09:03:41'),
(4, 'DL-2019-0004', 0, 14, 'นางสาว', '5', '5', '3100600317068', '5', '', '', '', '5', '5', '5', '5', '5', '', 3, 7, 'cancel', 0, 0, 0, 0, 0, NULL, '2019-05-30 09:54:38'),
(5, 'DL-2019-0005', 99, 13, 'นาย', 'พร้อมเลิศ', 'หล่อวิจิตร', '3100600317068', '11/13 ซ.วัดเทวสุนทร', '', '', '', 'ลาดยาว', 'จตุจักร', 'กรุงเทพฯ', '10900', '0850581776', '', 1, 1, 'start', 0, 0, 0, 0, 0, NULL, '2019-05-31 03:09:27'),
(6, 'DL-2019-0006', 0, 13, 'นาย', '1', '1', '3100600317068', '1', '', '', '', '1', '1', '1', '11111', '1', '', 1, 1, 'complete', 0, 0, 0, 0, 0, '23456.00', '2019-06-15 06:01:01'),
(7, 'DL-2019-0007', 99, 14, 'นาย', 'พร้อมเลิศ', 'หล่อวิจิตร', '3100600317068', '1', '', '', '', '1', '1', '1', '11111', '0850581776', '', 1, 2, 'wait-approve', 0, 0, 0, 0, 0, NULL, '2019-06-16 17:20:36'),
(8, 'DL-2019-0008', 99, 14, 'นาย', 'พร้อมเลิศ', 'หล่อวิจิตร', '3100600317068', '2', '', '', '', '2', '2', '2', '22222', '0850581776', '', 1, 4, 'complete', 0, 0, 0, 0, 0, '8888.00', '2019-06-16 17:26:25'),
(9, 'DL-2019-0009', 99, 13, 'นาย', 'พร้อมเลิศ', 'หล่อวิจิตร', '3100600317068', '99999', '', '', '', '99999', '99999', '99999', '99999', '0850581776', '', 1, 7, 'start', 0, 0, 0, 0, 0, NULL, '2019-07-11 08:15:52'),
(10, 'DL-2019-0010', 99, 13, 'นาย', 'พร้อมเลิศ', 'หล่อวิจิตร', '3100600317068', '88888', '', '', '', '88888', '88888', '88888', '88888', '0850581776', '1562834704481-ทดสอบทดสอบทดสอบ.jpg', 2, 1, 'start', 1, 0, 0, 0, 0, NULL, '2019-07-11 08:45:04'),
(11, 'DL-2019-0011', 99, 13, 'นาย', 'พร้อมเลิศ', 'หล่อวิจิตร', '3100600317068', '77777', '', '', '', '77777', '77777', '77777', '77777', '0850581776', '1562835268812-ทดสอบทดสอบทดสอบ.jpg', 1, 6, 'wait-approve', 1, 0, 0, 0, 0, NULL, '2019-07-11 08:54:28');

-- --------------------------------------------------------

--
-- Table structure for table `course_registration_social`
--

CREATE TABLE `course_registration_social` (
  `id` int(11) NOT NULL,
  `form_number` varchar(20) NOT NULL,
  `member_id` int(11) NOT NULL COMMENT 'ID ของสมาชิกที่ login เข้าระบบและมากรอกข้อมูลสมัคร (0 = ไม่ได้ login)',
  `course_id` int(11) NOT NULL,
  `title` varchar(50) NOT NULL,
  `first_name` varchar(200) NOT NULL,
  `last_name` varchar(200) NOT NULL,
  `birth_date` date NOT NULL,
  `occupation` varchar(200) NOT NULL,
  `work_place` varchar(200) NOT NULL,
  `address` varchar(200) NOT NULL,
  `sub_district` varchar(50) NOT NULL,
  `district` varchar(50) NOT NULL,
  `province` varchar(50) NOT NULL,
  `postal_code` varchar(10) NOT NULL,
  `phone` varchar(50) NOT NULL,
  `email` varchar(200) NOT NULL,
  `contact_name` varchar(50) NOT NULL,
  `contact_phone` varchar(50) NOT NULL,
  `disease` varchar(50) NOT NULL,
  `news_source` int(11) NOT NULL COMMENT 'ทราบข่าวการอบรมจากไหน (bit field: bit 0 = เว็บ, bit 1 = อีเมล, bit 2 = โบรชัวร์, bit 3 = ออนไลน์, bit 4 = บอกต่อ)',
  `register_status` enum('start','wait-approve','complete','cancel') NOT NULL DEFAULT 'start',
  `created_at` timestamp NOT NULL DEFAULT CURRENT_TIMESTAMP
) ENGINE=InnoDB DEFAULT CHARSET=utf8;

--
-- Dumping data for table `course_registration_social`
--

INSERT INTO `course_registration_social` (`id`, `form_number`, `member_id`, `course_id`, `title`, `first_name`, `last_name`, `birth_date`, `occupation`, `work_place`, `address`, `sub_district`, `district`, `province`, `postal_code`, `phone`, `email`, `contact_name`, `contact_phone`, `disease`, `news_source`, `register_status`, `created_at`) VALUES
(1, '2019-0001', 99, 11, 'นาย', 'พร้อมเลิศ', 'หล่อวิจิตร', '0000-00-00', 'Programmer', '3bugs', '11/13', 'ลาดยาว', 'จตุจักร', 'กรุงเทพมหานคร', '10900', '0850581776', 'promlert@gmail.com', 'ยุ้ย', '0869991827', '-', 0, 'start', '2019-05-28 08:10:36'),
(2, '2019-0002', 99, 11, 'นาย', 'พร้อมเลิศ', 'หล่อวิจิตร', '0000-00-00', 'a', 'a', 'a', 'a', 'a', 'a', 'a', '0850581776', 'promlert@gmail.com', 'a', 'a', 'a', 10, 'start', '2019-05-28 08:19:32'),
(3, '2019-0003', 0, 11, 'นาง', 'b', 'b', '0000-00-00', 'b', 'b', 'b', 'b', 'b', 'b', 'b', 'b', 'b@b.com', 'b', 'b', 'b', 17, 'start', '2019-05-28 08:24:24'),
(4, '2019-0004', 0, 11, 'นาย', 'กกก', 'กกก', '0000-00-00', 'กกก', 'กกก', 'กกก', 'กกก', 'กกก', 'กกก', 'กกก', 'กกก', 'aaa@aaa.com', 'กกก', 'กกก', 'กกก', 10, 'start', '2019-05-30 04:11:02'),
(5, 'SO-2019-0005', 99, 17, 'นาย', 'พร้อมเลิศ', 'หล่อวิจิตร', '1974-11-21', '1', '1', '1', '1', '1', '1', '11111', '0850581776', 'promlert@gmail.com', '1', '1', '1', 0, 'start', '2019-06-17 09:43:28'),
(6, 'SO-2019-0006', 99, 22, 'นาย', 'พร้อมเลิศ', 'หล่อวิจิตร', '1974-11-21', '1', '1', '1', '1', '1', '1', '11111', '0850581776', 'promlert@gmail.com', '1', '1', '1', 2, 'start', '2019-06-17 10:15:21');

-- --------------------------------------------------------

--
-- Table structure for table `course_trainee`
--

CREATE TABLE `course_trainee` (
  `id` int(11) NOT NULL,
  `course_registration_id` int(11) NOT NULL,
  `form_number` varchar(20) NOT NULL,
  `title` varchar(50) NOT NULL,
  `first_name` varchar(200) NOT NULL,
  `last_name` varchar(200) NOT NULL,
  `birth_date` date NOT NULL,
  `job_position` varchar(200) NOT NULL,
  `organization_name` varchar(200) NOT NULL,
  `organization_type` int(11) NOT NULL,
  `organization_type_custom` varchar(50) DEFAULT NULL,
  `phone` varchar(50) NOT NULL,
  `email` varchar(200) NOT NULL,
  `register_status` enum('start','wait-approve','complete','cancel') NOT NULL DEFAULT 'start' COMMENT 'สถานะการลงทะเบียน (start = ลงทะเบียน, wait-approve = แจ้งชำระเงินแล้ว รอตรวจสอบ, complete = ลงทะเบียนสมบูรณ์, cancel = ยกเลิกการลงทะเบียน)',
  `paid_amount` decimal(13,2) DEFAULT NULL,
  `receipt_number` varchar(20) DEFAULT NULL COMMENT 'เลขใบเสร็จ, บัญชีต้องกรอกตอนสั่งพิมพ์ใบเสร็จ',
  `created_at` timestamp NOT NULL DEFAULT CURRENT_TIMESTAMP
) ENGINE=InnoDB DEFAULT CHARSET=utf8;

--
-- Dumping data for table `course_trainee`
--

INSERT INTO `course_trainee` (`id`, `course_registration_id`, `form_number`, `title`, `first_name`, `last_name`, `birth_date`, `job_position`, `organization_name`, `organization_type`, `organization_type_custom`, `phone`, `email`, `register_status`, `paid_amount`, `receipt_number`, `created_at`) VALUES
(1, 1, '', '1', 'พร้อมเลิศ', 'หล่อวิจิตร', '0000-00-00', 'Programmer', '2fellows', 3, NULL, '0850581776', 'promlert@gmail.com', 'start', NULL, NULL, '2019-05-13 08:58:27'),
(2, 2, '', '1', 'a', 'a', '0000-00-00', 'a', 'a', 1, NULL, '1', 'a@a.com', 'start', NULL, NULL, '2019-05-13 08:58:27'),
(3, 2, '', '2', 'b', 'b', '0000-00-00', 'b', 'b', 2, NULL, '2', 'b@b.com', 'start', NULL, NULL, '2019-05-13 08:58:27'),
(4, 3, '', '3', 'x', 'x', '0000-00-00', 'x', 'x', 3, NULL, '55', 'x@x.com', 'start', NULL, NULL, '2019-05-13 08:58:27'),
(5, 4, '', '1', 'a', 'a', '0000-00-00', 'a', 'a', 1, NULL, '1', 'a@a.com', 'start', NULL, NULL, '2019-05-13 08:58:27'),
(6, 6, '', 'นาง', 'มานี', 'มีนา', '0000-00-00', 'พนักงานบริษัทเอกชน', '3bugs', 1, NULL, '123', 'manee@gmail.com', 'wait-approve', NULL, NULL, '2019-05-13 08:58:27'),
(7, 7, '', 'นาง', 'มานี', 'มีนา', '0000-00-00', 'พนักงานบริษัทเอกชน', '3bugs', 1, NULL, '123', 'manee@gmail.com', 'start', NULL, NULL, '2019-05-13 08:58:27'),
(8, 8, '', 'นาง', 'มานี', 'มีนา', '0000-00-00', 'พนักงานบริษัทเอกชน', '3bugs', 1, NULL, '123', 'manee@gmail.com', 'start', NULL, NULL, '2019-05-13 09:27:30'),
(9, 9, '', 'นางสาว', 'เอมอร', 'สมรศรี', '0000-00-00', 'SA', 'Co coperation', 3, NULL, '0978878889', 'Co@hotmail.com', 'start', NULL, NULL, '2019-05-14 05:38:09'),
(10, 10, '', 'นางสาว', 'เอมี่', 'รีไวล์', '0000-00-00', 'ผู้กำกับ', 'ตจว', 1, NULL, '0988899997', 'Ami@hotmail.com', 'start', NULL, NULL, '2019-05-16 04:13:51'),
(11, 10, '', 'นาย', 'Revi', 'Kracerment', '0000-00-00', 'หัวหน้าหน่วย', 'ตชด', 3, NULL, '023345545', 'Revi@gmail.com', 'start', NULL, NULL, '2019-05-16 04:13:51'),
(12, 11, '', 'นาย', 'aaa', 'aaa', '0000-00-00', 'aaa', 'aaa', 1, NULL, '111', 'aaa@aaa.com', 'start', NULL, NULL, '2019-05-16 06:49:03'),
(13, 12, '', 'นางสาว', 'เอมอร', 'สมรศรี', '0000-00-00', 'SA', 'Co coperation', 3, NULL, '0978878889', 'Co@hotmail.com', 'wait-approve', NULL, NULL, '2019-05-16 09:32:54'),
(14, 12, '', 'นางสาว', 'kk', 'kk', '0000-00-00', 'dd', 'dd', 2, NULL, '0988899988', 'KK@gmail.com', 'start', NULL, NULL, '2019-05-16 09:32:54'),
(15, 13, '', 'นางสาว', 'เอมอร', 'สมรศรี', '0000-00-00', 'SA', 'Co coperation', 3, NULL, '0978878889', 'Co@hotmail.com', 'start', NULL, NULL, '2019-05-16 09:33:20'),
(16, 13, '', 'นางสาว', 'kk', 'kk', '0000-00-00', 'dd', 'dd', 2, NULL, '0988899988', 'KK@gmail.com', 'start', NULL, NULL, '2019-05-16 09:33:20'),
(17, 14, '', 'นางสาว', 'เอมอร', 'สมรศรี', '0000-00-00', 'SA', 'Co coperation', 3, NULL, '0978878889', 'Co@hotmail.com', 'start', NULL, NULL, '2019-05-16 09:37:28'),
(18, 14, '', 'นาย', 'Livi', 'Mac', '0000-00-00', 'หัวหน้า', 'CoCompany', 3, NULL, '0876676666', 'Co@gmail.com', 'start', NULL, NULL, '2019-05-16 09:37:28'),
(19, 15, '', 'นางสาว', 'เอมอร', 'สมรศรี', '0000-00-00', 'SA', 'Co coperation', 3, NULL, '0978878889', 'Co@hotmail.com', 'start', NULL, NULL, '2019-05-16 09:50:14'),
(20, 15, '', 'นาย', 'INY', 'NYGEL', '0000-00-00', 'SA', 'SAcompany', 3, NULL, '0988876677', 'SA@gmail.com', 'start', NULL, NULL, '2019-05-16 09:50:14'),
(21, 16, '', 'นาย', 'พร้อมเลิศ', 'หล่อวิจิตร', '0000-00-00', 'System Analyst', '2fellows', 3, NULL, '0850581776', 'promlert@gmail.com', 'start', NULL, NULL, '2019-05-16 09:55:23'),
(22, 16, '', 'นาง', 'จิตริณีย์', 'หล่อวิจิตร', '0000-00-00', 'Auditor', 'KU', 5, NULL, '0869991827', 'chirinee_l@gmail.com', 'start', NULL, NULL, '2019-05-16 09:55:23'),
(23, 17, '', 'นางสาว', 'เอมอร', 'สมรศรี', '0000-00-00', 'SA', 'Co coperation', 3, NULL, '0978878889', 'Co@hotmail.com', 'start', NULL, NULL, '2019-05-16 09:58:38'),
(24, 17, '', 'นาง', 'Eden', 'Wongwai', '0000-00-00', 'SA', 'SA', 3, NULL, '0987787765', 'SA@gmail.com', 'start', NULL, NULL, '2019-05-16 09:58:38'),
(25, 18, '', 'นาย', 'พร้อมเลิศ', 'หล่อวิจิตร', '0000-00-00', 'IT', '2fellows', 3, NULL, '012345678', 'promlert123@gmail.com', 'start', NULL, NULL, '2019-05-17 03:17:23'),
(26, 19, '', 'นาย', 'พร้อมเลิศ', 'หล่อวิจิตร', '0000-00-00', 'IT', '2fellows', 3, NULL, '012345678', 'promlert123@gmail.com', 'start', NULL, NULL, '2019-05-21 09:50:46'),
(27, 22, '2019-0022-0001', 'นาย', 'พร้อมเลิศ', 'หล่อวิจิตร', '0000-00-00', 'IT', '2fellows', 3, NULL, '012345678', 'promlert123@gmail.com', 'start', NULL, NULL, '2019-05-21 09:53:37'),
(28, 23, '2019-0023-0001', 'นาย', 'พร้อมเลิศ', 'หล่อวิจิตร', '0000-00-00', 'IT', '2fellows', 3, NULL, '012345678', 'promlert123@gmail.com', 'start', NULL, NULL, '2019-05-21 09:57:07'),
(29, 23, '2019-0023-0002', 'นาย', 'บัลลพ', 'หล่อวิจิตร', '0000-00-00', 'ทดสอบ', '3bugs', 3, NULL, '555', 'tonyod53@gmail.com', 'start', NULL, NULL, '2019-05-21 09:57:07'),
(30, 24, '2019-0024-0001', 'นาย', 'พร้อมเลิศ', 'หล่อวิจิตร', '0000-00-00', 'IT', '2fellows', 3, NULL, '012345678', 'promlert123@gmail.com', 'start', NULL, NULL, '2019-05-23 08:19:44'),
(31, 25, '2019-0025-0001', 'นาย', 'พร้อมเลิศ', 'หล่อวิจิตร', '0000-00-00', 'System Analyst', '2fellows', 9999, NULL, '0850581776', 'promlert@gmail.com', 'start', NULL, NULL, '2019-05-27 06:30:58'),
(32, 26, '2019-0026-0001', 'นาย', 'พร้อมเลิศ', 'หล่อวิจิตร', '0000-00-00', 'System Analyst', '2fellows', 9999, NULL, 'องค์กรลับ', '0850581776', 'start', NULL, NULL, '2019-05-27 06:34:44'),
(33, 28, '2019-0028-0001', 'นาย', 'พร้อมเลิศ', 'หล่อวิจิตร', '0000-00-00', 'System Analyst', '2fellows', 9999, 'อื่นๆๆๆๆๆ', '0850581776', 'promlert@gmail.com', 'start', NULL, NULL, '2019-05-27 06:38:59'),
(34, 31, '2019-0031-0001', 'นาย', 'พร้อมเลิศ', 'หล่อวิจิตร', '0000-00-00', 'System Analyst', '2fellows', 3, NULL, '0850581776', 'promlert@gmail.com', 'start', NULL, NULL, '2019-05-27 07:03:08'),
(35, 32, '2019-0032-0001', 'นาย', 'พร้อมเลิศ', 'หล่อวิจิตร', '0000-00-00', 'System Analyst', '2fellows', 3, NULL, '0850581776', 'promlert@gmail.com', 'start', NULL, NULL, '2019-05-27 07:21:24'),
(36, 33, '2019-0033-0001', 'นาย', 'พร้อมเลิศ', 'หล่อวิจิตร', '0000-00-00', 'System Analyst', '2fellows', 1, '', '0850581776', 'promlert@gmail.com', 'start', NULL, NULL, '2019-05-27 07:23:04'),
(37, 34, '2019-0034-0001', 'นาย', 'พร้อมเลิศ', 'หล่อวิจิตร', '0000-00-00', 'System Analyst', '2fellows', 3, NULL, '0850581776', 'promlert@gmail.com', 'start', NULL, NULL, '2019-05-27 07:25:43'),
(38, 35, '2019-0035-0001', 'นาย', 'q', 'q', '0000-00-00', 'q', 'q', 1, 'q', 'q', 'q@q.com', 'start', NULL, NULL, '2019-05-27 09:17:15'),
(39, 36, '2019-0036-0001', 'นาย', '1', '1', '0000-00-00', '1', '1', 9999, '1', '1', 'a@a.com', 'start', NULL, NULL, '2019-05-27 09:19:19'),
(40, 37, '2019-0037-0001', 'นาย', 'a', 'a', '0000-00-00', 'a', 'a', 9999, 'a', 'a', 'a@a.com', 'start', NULL, NULL, '2019-05-27 09:20:57'),
(41, 38, '2019-0038-0001', 'นาง', '2', '2', '0000-00-00', '2', '2', 9999, '2', '2', 'b@b.com', 'start', NULL, NULL, '2019-05-27 09:22:17'),
(42, 39, 'AC-2019-0039-0001', 'นาย', 'พร้อมเลิศ', 'หล่อวิจิตร', '1974-11-22', 'System Analyst', '2fellows', 3, '', '0850581776', 'promlert@gmail.com', 'start', NULL, NULL, '2019-06-04 04:15:33'),
(43, 40, 'AC-2019-0040-0001', 'นาย', 'พร้อมเลิศ', 'หล่อวิจิตร', '1974-11-21', 'System Analyst', '2fellows', 3, '', '0850581776', 'promlert@gmail.com', 'start', NULL, NULL, '2019-06-04 04:28:08'),
(44, 41, 'AC-2019-0041-0001', 'นาย', 'ก', 'ก', '2019-06-01', 'ก', 'ก', 1, NULL, '1', 'a@a.com', 'start', NULL, NULL, '2019-06-04 04:52:55'),
(45, 41, 'AC-2019-0041-0002', 'นาง', 'ข', 'ข', '2019-06-02', 'ข', 'ข', 2, NULL, '2', 'b@b.com', 'start', NULL, NULL, '2019-06-04 04:52:55'),
(46, 42, 'AC-2019-0042-0001', 'นาย', '1', '1', '2019-01-01', '1', '1', 1, NULL, '1', 'aaa@aaa.com', 'start', NULL, NULL, '2019-06-04 04:55:55'),
(47, 42, 'AC-2019-0042-0002', 'นาง', '2', '2', '2019-01-02', '2', '2', 2, NULL, '2', 'bbb@bbb.com', 'start', NULL, NULL, '2019-06-04 04:55:55'),
(48, 43, 'AC-2019-0043-0001', 'นาย', '1', '1', '2019-06-01', '1', '1', 1, NULL, '1', 'a@a.com', 'start', NULL, NULL, '2019-06-04 09:53:47'),
(49, 44, 'AC-2019-0044-0001', 'นาย', 'พร้อมเลิศ', 'หล่อวิจิตร', '1974-11-21', 'System Analyst', '2fellows', 3, '', '0850581776', 'promlert@gmail.com', 'start', NULL, NULL, '2019-06-04 10:03:15'),
(50, 45, 'AC-2019-0045-0001', 'นาย', 'พร้อมเลิศ', 'หล่อวิจิตร', '1974-11-21', 'System Analyst', '2fellows', 3, '', '0850581776', 'promlert@gmail.com', 'start', NULL, NULL, '2019-06-05 06:30:43'),
(51, 45, 'AC-2019-0045-0002', 'นาง', 'b', 'b', '2019-06-02', 'b', 'b', 2, NULL, 'b', 'b@b.com', 'start', NULL, NULL, '2019-06-05 06:30:43'),
(52, 46, 'AC-2019-0046-0001', 'นาย', 'พร้อมเลิศ', 'หล่อวิจิตร', '1974-11-21', 'System Analyst', '2fellows', 3, '', '0850581776', 'promlert@gmail.com', 'start', NULL, NULL, '2019-06-05 08:42:00'),
(53, 46, 'AC-2019-0046-0002', 'นาง', 'จิตริณีย์', 'หล่อวิจิตร', '1972-01-12', 'นักตรวจสอบบัญชี', 'มหาวิทยาลัยเกษตรศาสตร์', 1, NULL, '0869991827', 'chitrinee_l@gmail.com', 'start', NULL, NULL, '2019-06-05 08:42:00'),
(54, 47, 'AC-2019-0047-0001', 'นาย', 'พร้อมเลิศ', 'หล่อวิจิตร', '1974-11-21', 'System Analyst', '2fellows', 3, '', '0850581776', 'promlert@gmail.com', 'start', NULL, NULL, '2019-06-07 06:41:34'),
(55, 48, 'AC-2019-0048-0001', 'นาย', 'พร้อมเลิศ', 'หล่อวิจิตร', '1974-11-21', 'System Analyst', '2fellows', 3, '', '0850581776', 'promlert@gmail.com', 'start', NULL, NULL, '2019-06-07 08:59:38'),
(56, 49, 'AC-2019-0049-0001', 'นาย', 'พร้อมเลิศ', 'หล่อวิจิตร', '1974-11-21', 'System Analyst', '2fellows', 3, '', '0850581776', 'promlert@gmail.com', 'start', NULL, NULL, '2019-06-08 06:19:19'),
(57, 50, 'AC-2019-0050-0001', 'นาย', 'พร้อมเลิศ', 'หล่อวิจิตร', '1974-11-21', 'System Analyst', '2fellows', 3, '', '0850581776', 'promlert@gmail.com', 'start', NULL, NULL, '2019-06-08 06:58:37'),
(58, 51, 'AC-2019-0051-0001', 'นาย', 'พร้อมเลิศ', 'หล่อวิจิตร', '1974-11-21', 'System Analyst', '2fellows', 3, '', '0850581776', 'promlert@gmail.com', 'wait-approve', NULL, NULL, '2019-06-08 06:59:33'),
(59, 52, 'AC-2019-0052-0001', 'นาย', 'พร้อมเลิศ', 'หล่อวิจิตร', '1974-11-21', 'System Analyst', '2fellows', 3, '', '0850581776', 'promlert@gmail.com', 'start', NULL, NULL, '2019-06-08 07:02:24'),
(60, 53, 'AC-2019-0053-0001', 'นาย', 'พร้อมเลิศ', 'หล่อวิจิตร', '1974-11-21', 'System Analyst', '2fellows', 3, '', '0850581776', 'promlert@gmail.com', 'start', NULL, NULL, '2019-06-10 03:21:59'),
(61, 54, 'AC-2019-0054-0001', 'นาย', 'พร้อมเลิศ', 'หล่อวิจิตร', '1974-11-21', 'System Analyst', '2fellows', 3, '', '0850581776', 'promlert@gmail.com', 'start', NULL, NULL, '2019-06-10 03:26:19'),
(62, 54, 'AC-2019-0054-0002', 'นาง', 'b', 'b', '2019-06-01', 'b', 'b', 9999, 'b', 'b', 'b@b.com', 'start', NULL, NULL, '2019-06-10 03:26:19'),
(63, 55, 'AC-2019-0055-0001', 'นาย', 'พร้อมเลิศ', 'หล่อวิจิตร', '1974-11-21', 'System Analyst', '2fellows', 3, '', '0850581776', 'promlert@gmail.com', 'start', NULL, NULL, '2019-06-10 03:31:41'),
(64, 55, 'AC-2019-0055-0002', 'นาง', 'b', 'b', '2019-06-01', 'b', 'b', 9999, 'b', 'b', 'b@b.com', 'start', NULL, NULL, '2019-06-10 03:31:41'),
(65, 56, 'AC-2019-0056-0001', 'นาย', 'พร้อมเลิศ', 'หล่อวิจิตร', '1974-11-21', 'System Analyst', '2fellows', 3, '', '0850581776', 'promlert@gmail.com', 'start', NULL, NULL, '2019-06-10 04:05:00'),
(66, 57, 'AC-2019-0057-0001', 'นาย', 'พร้อมเลิศ', 'หล่อวิจิตร', '1974-11-21', 'System Analyst', '2fellows', 3, '', '0850581776', 'promlert@gmail.com', 'start', NULL, NULL, '2019-06-10 04:25:52'),
(67, 58, 'AC-2019-0058-0001', 'นาย', 'พร้อมเลิศ', 'หล่อวิจิตร', '1974-11-21', 'System Analyst', '2fellows', 3, '', '0850581776', 'promlert@gmail.com', 'wait-approve', NULL, NULL, '2019-06-10 04:55:20'),
(68, 59, 'AC-2019-0059-0001', 'นาย', 'พร้อมเลิศ', 'หล่อวิจิตร', '1974-11-21', 'System Analyst', '2fellows', 3, '', '0850581776', 'promlert@gmail.com', 'start', NULL, NULL, '2019-06-10 05:31:59'),
(69, 59, 'AC-2019-0059-0002', 'นาง', 'b', 'b', '2019-06-02', 'b', 'b', 2, NULL, 'b', 'b@b.com', 'start', NULL, NULL, '2019-06-10 05:31:59'),
(70, 59, 'AC-2019-0059-0003', 'นางสาว', 'c', 'c', '2019-06-03', 'c', 'c', 3, NULL, 'c', 'c@c.com', 'cancel', NULL, NULL, '2019-06-14 05:44:43'),
(71, 60, 'AC-2019-0060-0001', 'นาย', 'พร้อมเลิศ', 'หล่อวิจิตร', '1974-11-21', 'System Analyst', '2fellows', 3, '', '0850581776', 'promlert@gmail.com', 'start', NULL, NULL, '2019-06-10 06:30:38'),
(72, 61, 'AC-2019-0061-0001', 'นาย', 'พร้อมเลิศ', 'หล่อวิจิตร', '1974-11-21', 'System Analyst', '2fellows', 3, '', '0850581776', 'promlert@gmail.com', 'start', NULL, NULL, '2019-06-10 06:33:30'),
(73, 62, 'AC-2019-0062-0001', 'นาย', 'พร้อมเลิศ', 'หล่อวิจิตร', '1974-11-21', 'System Analyst', '2fellows', 3, '', '0850581776', 'promlert@gmail.com', 'start', NULL, NULL, '2019-06-10 06:39:48'),
(74, 62, 'AC-2019-0062-0002', 'นาง', 'จิตริณีย์', 'หล่อวิจิตร', '1972-01-12', 'Auditor', 'KU', 1, NULL, '0869991827', 'chitrinee_l@gmail.com', 'complete', '555.00', NULL, '2019-06-10 06:39:48'),
(75, 63, 'AC-2019-0063-0001', 'นาย', 'พร้อมเลิศ', 'หล่อวิจิตร', '1974-11-21', 'System Analyst', '2fellows', 3, '', '0850581776', 'promlert@gmail.com', 'start', NULL, NULL, '2019-06-10 06:48:05'),
(76, 64, 'AC-2019-0064-0001', 'นาย', 'พร้อมเลิศ', 'หล่อวิจิตร', '1974-11-21', 'System Analyst', '2fellows', 3, '', '0850581776', 'promlert@gmail.com', 'start', NULL, NULL, '2019-06-10 07:01:43'),
(77, 65, 'AC-2019-0065-0001', 'นาย', 'พร้อมเลิศ', 'หล่อวิจิตร', '1974-11-21', 'System Analyst', '2fellows', 3, '', '0850581776', 'promlert@gmail.com', 'start', NULL, NULL, '2019-06-10 07:04:38'),
(78, 66, 'AC-2019-0066-0001', 'นาย', 'พร้อมเลิศ', 'หล่อวิจิตร', '1974-11-21', 'System Analyst', '2fellows', 3, '', '0850581776', 'promlert@gmail.com', 'complete', NULL, NULL, '2019-06-10 07:07:10'),
(79, 67, 'AC-2019-0067-0001', 'นาย', 'พร้อมเลิศ', 'หล่อวิจิตร', '1974-11-21', 'System Analyst', '2fellows', 3, '', '0850581776', 'promlert@gmail.com', 'wait-approve', NULL, NULL, '2019-06-10 07:42:35'),
(80, 68, 'AC-2019-0068-0001', 'นาย', 'พร้อมเลิศ', 'หล่อวิจิตร', '1974-11-21', 'System Analyst', '2fellows', 3, '', '0850581776', 'promlert@gmail.com', 'start', NULL, NULL, '2019-06-10 07:48:34'),
(81, 69, 'AC-2019-0069-0001', 'นาย', 'พร้อมเลิศ', 'หล่อวิจิตร', '1974-11-21', 'System Analyst', '2fellows', 3, '', '0850581776', 'promlert@gmail.com', 'start', NULL, NULL, '2019-06-10 07:50:19'),
(82, 69, 'AC-2019-0069-0002', 'นาง', 'b', 'b', '2019-06-02', 'b', 'b', 9999, 'bbb', 'b', 'b@b.com', 'start', NULL, NULL, '2019-06-10 07:50:19'),
(83, 70, 'AC-2019-0070-0001', 'นาย', 'พร้อมเลิศ', 'หล่อวิจิตร', '1974-11-21', 'System Analyst', '2fellows', 3, '', '0850581776', 'promlert@gmail.com', 'complete', '8888.00', NULL, '2019-06-10 08:12:38'),
(84, 71, 'AC-2019-0071-0001', 'นาย', 'พร้อมเลิศ', 'หล่อวิจิตร', '1974-11-21', 'System Analyst', '2fellows', 3, '', '0850581776', 'promlert@gmail.com', 'start', NULL, NULL, '2019-06-12 02:42:04'),
(85, 71, 'AC-2019-0071-0002', 'นาง', 'b', 'b', '2019-06-01', 'b', 'b', 9999, 'xxxx', '222', 'b@b.com', 'complete', '987.00', NULL, '2019-06-12 02:42:04'),
(86, 72, 'AC-2019-0072-0001', 'นาย', 'พร้อมเลิศ', 'หล่อวิจิตร', '1974-11-21', 'System Analyst', '2fellows', 9999, 'aaa', '0850581776', 'promlert@gmail.com', 'complete', NULL, NULL, '2019-06-13 08:18:52'),
(87, 72, 'AC-2019-0072-0002', 'นาง', 'b', 'b', '2019-06-01', 'b', 'b', 2, NULL, 'b', 'b@b.com', 'complete', NULL, NULL, '2019-06-13 10:40:40'),
(88, 73, 'AC-2019-0073-0001', 'นาย', 'พร้อมเลิศ', 'หล่อวิจิตร', '1974-11-21', 'System Analyst', '2fellows', 3, '', '0850581776', 'promlert@gmail.com', 'complete', NULL, NULL, '2019-06-13 16:31:43'),
(89, 75, 'AC-2019-0075-0001', 'นาย', 'พร้อมเลิศ', 'หล่อวิจิตร', '1974-11-21', 'System Analyst', '2fellows', 3, '', '0850581776', 'promlert@gmail.com', 'start', NULL, NULL, '2019-06-19 04:48:36'),
(90, 76, 'AC-2019-0076-0001', 'นาย', 'เมษา', 'อัครสกุล', '2001-04-19', 'CEO', 'Predis', 9999, 'สถานบันเทิง', '0876656677', 'Mesa@gmail.com', 'complete', '500.00', NULL, '2019-06-19 06:02:18'),
(91, 77, 'AC-2019-0077-0001', 'นางสาว', 'จันทร์เจ้า', 'อัครสกุล', '1996-05-26', 'CIO', 'Predis', 9999, 'สถานบันเทิง', '0865543377', 'Janjao@gmail.com', 'complete', '9000.00', NULL, '2019-06-19 09:58:24'),
(92, 78, 'AC-2019-0078-0001', 'นาย', 'พร้อมเลิศ', 'หล่อวิจิตร', '1974-11-21', 'System Analyst', '2fellows', 3, '', '0850581776', 'promlert@gmail.com', 'start', NULL, NULL, '2019-06-20 09:06:43'),
(93, 79, 'AC-2019-0079-0001', 'นาย', 'พร้อมเลิศ', 'หล่อวิจิตร', '1974-11-21', 'System Analyst', '2fellows', 3, '', '0850581776', 'promlert@gmail.com', 'start', NULL, NULL, '2019-06-20 09:12:24'),
(94, 79, 'AC-2019-0079-0002', 'นาง', '2', '2', '2019-06-01', '2', '2', 2, NULL, '2', 'b@b.com', 'start', NULL, NULL, '2019-06-20 09:12:24'),
(95, 80, 'AC-2019-0080-0001', 'นาย', 'พร้อมเลิศ', 'หล่อวิจิตร', '1974-11-21', 'System Analyst', '2fellows', 3, '', '0850581776', 'promlert@gmail.com', 'start', NULL, NULL, '2019-06-20 09:14:06'),
(96, 80, 'AC-2019-0080-0002', 'นาย', 'a', 'a', '2019-06-20', 'a', 'a', 1, NULL, '2', 'a@a.com', 'start', NULL, NULL, '2019-06-20 09:14:06'),
(97, 85, 'AC-2019-0085-0001', 'นาย', 'สมชาย', 'สบายดี', '2019-06-20', 'ส', 'ส', 1, NULL, '1', 'somchai@gmail.com', 'start', NULL, NULL, '2019-06-20 09:23:32');

-- --------------------------------------------------------

--
-- Table structure for table `driving_license_course_type`
--

CREATE TABLE `driving_license_course_type` (
  `id` int(11) NOT NULL,
  `title` varchar(200) NOT NULL,
  `application_fee` int(11) NOT NULL
) ENGINE=InnoDB DEFAULT CHARSET=utf8;

--
-- Dumping data for table `driving_license_course_type`
--

INSERT INTO `driving_license_course_type` (`id`, `title`, `application_fee`) VALUES
(1, 'หลักสูตรการอบรมสำหรับผู้ขอรับใบอนุญาตขับรถครั้งแรก หรือใบอนุญาตหมดอายุเกิน 3 ปี (อบรม 5 ชั่วโมง)', 500),
(2, 'หลักสูตรการอบรมสำหรับผู้ขอต่อใบอนุญาตขับรถ ซึ่งใบอนุญาตหมดอายุเกิน 1 ปี แต่ไม่เกิน 3 ปี (อบรม 2 ชั่วโมง)', 250),
(3, 'หลักสูตรการอบรมสำหรับผู้ขอต่อใบอนุญาตขับรถ ซึ่งใบอนุญาตหมดอายุไม่เกิน 1 ปี (อบรม 1 ชั่วโมง)', 100);

-- --------------------------------------------------------

--
-- Table structure for table `in_house`
--

CREATE TABLE `in_house` (
  `id` int(11) NOT NULL,
  `member_id` int(11) NOT NULL COMMENT 'ID ของสมาชิกที่ login เข้าระบบและมากรอกข้อมูลสมัคร (0 = ไม่ได้ login)',
  `title` varchar(50) NOT NULL,
  `first_name` varchar(200) NOT NULL,
  `last_name` varchar(200) NOT NULL,
  `organization_name` varchar(200) NOT NULL,
  `phone` varchar(50) NOT NULL,
  `email` varchar(200) NOT NULL,
  `course` varchar(500) NOT NULL,
  `num_day` int(11) NOT NULL,
  `num_trainee` int(11) NOT NULL,
  `place` varchar(200) NOT NULL,
  `remark` text,
  `status` enum('wait','complete','','') NOT NULL DEFAULT 'wait',
  `created_at` timestamp NOT NULL DEFAULT CURRENT_TIMESTAMP
) ENGINE=InnoDB DEFAULT CHARSET=utf8;

--
-- Dumping data for table `in_house`
--

INSERT INTO `in_house` (`id`, `member_id`, `title`, `first_name`, `last_name`, `organization_name`, `phone`, `email`, `course`, `num_day`, `num_trainee`, `place`, `remark`, `status`, `created_at`) VALUES
(1, 99, 'นาย', 'พร้อมเลิศ', 'หล่อวิจิตร', '2fellows', '0850581776', 'promlert@gmail.com', 'ทดสอบ', 3, 20, 'บริษัท 2fellows Network and Design', NULL, 'wait', '2019-06-19 05:56:59'),
(2, 110, 'นางสาว', 'เจ้าขุน', 'สกุลศรี', 'S Entertainment', '0956654466', 'Jaokhun@gmail.com', 'Test', 1, 2, 'S Hotel', NULL, 'complete', '2019-06-19 07:33:56');

-- --------------------------------------------------------

--
-- Table structure for table `member`
--

CREATE TABLE `member` (
  `id` int(11) NOT NULL,
  `title` varchar(50) NOT NULL,
  `first_name` varchar(200) NOT NULL,
  `last_name` varchar(200) NOT NULL,
  `birth_date` date NOT NULL,
  `job_position` varchar(200) DEFAULT NULL,
  `organization_name` varchar(200) DEFAULT NULL,
  `organization_type` int(11) DEFAULT NULL,
  `organization_type_custom` varchar(50) DEFAULT NULL,
  `address` varchar(200) DEFAULT NULL,
  `sub_district` varchar(50) DEFAULT NULL,
  `district` varchar(50) DEFAULT NULL,
  `province` varchar(50) DEFAULT NULL,
  `postal_code` varchar(10) DEFAULT NULL,
  `organization_phone` varchar(50) DEFAULT NULL,
  `tax_id` varchar(50) DEFAULT NULL,
  `phone` varchar(50) NOT NULL,
  `email` varchar(200) NOT NULL,
  `password` varchar(50) NOT NULL,
  `login_token` varchar(512) DEFAULT NULL,
  `created_at` timestamp NOT NULL DEFAULT CURRENT_TIMESTAMP
) ENGINE=InnoDB DEFAULT CHARSET=utf8;

--
-- Dumping data for table `member`
--

INSERT INTO `member` (`id`, `title`, `first_name`, `last_name`, `birth_date`, `job_position`, `organization_name`, `organization_type`, `organization_type_custom`, `address`, `sub_district`, `district`, `province`, `postal_code`, `organization_phone`, `tax_id`, `phone`, `email`, `password`, `login_token`, `created_at`) VALUES
(22, 'นาง', 'มานี', 'มีนา', '1980-01-01', 'พนักงานบริษัทเอกชน', '3bugs', 1, '', '11/13', 'ลาดยาว', 'จตุจักร', 'กรุงเทพมหานคร', '10900', '123', '123', '123', 'manee@gmail.com', 'abc123', NULL, '2019-05-08 09:46:14'),
(99, 'นาย', 'พร้อมเลิศ', 'หล่อวิจิตร', '1974-11-21', 'System Analyst', '2fellows', 3, '', NULL, NULL, NULL, NULL, NULL, NULL, NULL, '0850581776', 'promlert@gmail.com', 'abc123', NULL, '2019-05-02 10:10:21'),
(100, 'นางสาว', 'Lily', 'A', '1980-01-01', 'sa', 'sa', 2, '', NULL, NULL, NULL, NULL, NULL, NULL, NULL, '0988888888', 'sudaporn.hen@gmail.com', '123456', NULL, '2019-05-14 05:02:24'),
(101, 'นางสาว', 'เอมอร', 'สมรศรี', '1980-01-01', 'SA', 'Co coperation', 3, '', '14 ซอย 2 ถนน กาญจนวานิช', 'จอมพล', 'จตุจัก', 'กรุงเทพมหานคร', '10400', '023345334', '118893245333', '0978878889', 'Co@hotmail.com', '123456', NULL, '2019-05-14 05:22:03'),
(102, 'นาย', 'พร้อมเลิศ', 'หล่อวิจิตร', '1980-01-01', 'IT', '2fellows', 3, '', NULL, NULL, NULL, NULL, NULL, NULL, NULL, '012345678', 'promlert123@gmail.com', '123456', NULL, '2019-05-17 03:14:30'),
(103, 'นาย', 'a', 'b', '1980-01-01', 'c', 'd', 4, NULL, NULL, NULL, NULL, NULL, NULL, NULL, NULL, '2', 'd@e.com', 'aaaaaa', NULL, '2019-05-27 05:46:03'),
(105, 'นาย', 'aaa', 'bbb', '1980-01-01', 'ccc', 'ddd', 9999, 'สำนักพิมพ์', NULL, NULL, NULL, NULL, NULL, NULL, NULL, '222', 'fff@ggg.com', 'hhhhhh', NULL, '2019-05-27 05:58:12'),
(106, 'นาง', 'กกก', 'ขขข', '1980-01-01', 'คคค', 'งงง', 9999, 'ร้านค้า', '1', '1', '1', '1', '1', '1', '1', '1', 'mail@mail.com', '111111', NULL, '2019-05-27 06:01:54'),
(107, 'นาย', 'a', 'a', '2019-07-02', 'a', 'a', 9999, 'ส่วนตัว', NULL, NULL, NULL, NULL, NULL, NULL, NULL, 'a', 'a@a.com', 'aaaaaa', NULL, '2019-05-27 08:57:45'),
(108, 'นาย', 'Promlert', 'Lovichit', '1974-11-21', 'System Analyst', '3bugs', 9999, 'Enterprise Company', NULL, NULL, NULL, NULL, NULL, NULL, NULL, '0850581776', 'promlert@3bugs.com', 'abc123', NULL, '2019-05-31 09:41:28'),
(109, 'นาย', 'Banlop', 'Lovichit', '2010-01-07', 'Student', 'KUS', 5, NULL, '11/13 Varawan Park Condominium', 'Ladyao', 'Jatujak', 'Bangkok', '10900', '0812345678', '999', '0898765432', 'tonyod@gmail.com', '123456', NULL, '2019-05-31 09:54:31'),
(110, 'นาย', 'เมษา', 'อัครสกุล', '2001-04-19', 'CEO', 'Predis', 9999, 'สถานบันเทิง', NULL, NULL, NULL, NULL, NULL, NULL, NULL, '0876656677', 'Mesa@gmail.com', '123456', NULL, '2019-06-19 05:49:21'),
(111, 'นางสาว', 'จันทร์เจ้า', 'อัครสกุล', '1996-05-26', 'CIO', 'Predis', 9999, 'สถานบันเทิง', '3 ถนน วิภาวดี', 'จอมพล', 'จตุจ้กร', 'กรุงเทพ', '10400', '0943345567', '112298877661323', '0865543377', 'Janjao@gmail.com', '123456', NULL, '2019-06-19 05:57:29'),
(112, 'นาย', 'สมชาย', 'สบายดี', '2019-06-20', 'ส', 'ส', 1, NULL, '1', '1', '1', '1', '11111', '11', '1', '1', 'somchai@gmail.com', 'abc123', NULL, '2019-06-20 09:17:09');

-- --------------------------------------------------------

--
-- Table structure for table `name_title`
--

CREATE TABLE `name_title` (
  `id` int(11) NOT NULL,
  `title` varchar(100) CHARACTER SET tis620 NOT NULL,
  `created_at` timestamp NOT NULL DEFAULT CURRENT_TIMESTAMP
) ENGINE=InnoDB DEFAULT CHARSET=utf8;

--
-- Dumping data for table `name_title`
--

INSERT INTO `name_title` (`id`, `title`, `created_at`) VALUES
(1, 'นาย', '2019-04-24 10:30:26'),
(2, 'นาง', '2019-04-24 10:30:26'),
(3, 'นางสาว', '2019-04-24 10:30:31'),
(4, 'Mr.', '2019-06-12 03:04:21');

-- --------------------------------------------------------

--
-- Table structure for table `organization_type`
--

CREATE TABLE `organization_type` (
  `id` int(11) NOT NULL,
  `name` varchar(200) CHARACTER SET tis620 NOT NULL,
  `created_at` timestamp NOT NULL DEFAULT CURRENT_TIMESTAMP
) ENGINE=InnoDB DEFAULT CHARSET=utf8;

--
-- Dumping data for table `organization_type`
--

INSERT INTO `organization_type` (`id`, `name`, `created_at`) VALUES
(1, 'ราชการ', '2019-05-13 07:36:10'),
(2, 'รัฐวิสาหกิจ', '2019-05-13 07:36:10'),
(3, 'เอกชน', '2019-05-13 07:36:24'),
(4, 'สถาบันการเงิน', '2019-05-13 07:36:24'),
(5, 'สถาบันการศึกษา', '2019-05-13 07:38:17'),
(6, 'โรงพยาบาล', '2019-05-13 07:38:17'),
(7, 'มูลนิธิ / สมาคม', '2019-05-24 09:29:30');

-- --------------------------------------------------------

--
-- Table structure for table `payment_notification`
--

CREATE TABLE `payment_notification` (
  `id` int(11) NOT NULL,
  `member_id` int(11) NOT NULL COMMENT 'ID ของสมาชิกที่แจ้งโอนเงิน (0 = ผู้ใช้ที่ไม่ได้ login)',
  `trainee_id` int(11) NOT NULL COMMENT 'ID ของผู้สมัคร (ใบสมัคร) ที่ชำระเงิน',
  `service_type` enum('training','social','driving-license','') NOT NULL COMMENT 'training = บริการวิชาการ (ฝึกอบรม), social = บริการสังคม, driving-license = บริการอบรมใบขับขี่',
  `amount` int(11) NOT NULL COMMENT 'ยอดโอน',
  `transfer_date` date NOT NULL,
  `slip_file_name` varchar(100) NOT NULL,
  `created_at` timestamp NOT NULL DEFAULT CURRENT_TIMESTAMP
) ENGINE=InnoDB DEFAULT CHARSET=utf8;

--
-- Dumping data for table `payment_notification`
--

INSERT INTO `payment_notification` (`id`, `member_id`, `trainee_id`, `service_type`, `amount`, `transfer_date`, `slip_file_name`, `created_at`) VALUES
(1, 99, 86, 'training', 9, '0000-00-00', '1560413932158-vote_no.png', '2019-06-13 08:18:52'),
(2, 99, 88, 'training', 7, '0000-00-00', '1560414138877-one.png', '2019-06-13 08:22:18'),
(3, 99, 88, 'training', 8, '2019-06-08', '1560414546566-vote_no.png', '2019-06-13 08:29:06'),
(4, 99, 88, 'training', 11, '2019-06-11', '1560421306730-exit_poll.png', '2019-06-13 10:21:46'),
(5, 99, 87, 'training', 2222, '2019-06-13', '1560422440744-vote_no.png', '2019-06-13 10:40:40'),
(6, 99, 70, 'training', 3000, '2019-06-03', '1560438953676-20190318-book-series-04.jpg', '2019-06-13 15:15:53'),
(7, 0, 88, 'training', 1000, '2019-06-01', '1560498887721-Screenshot_1551161003.png', '2019-06-14 07:54:47'),
(8, 99, 88, 'training', 111, '2019-06-11', '1560674829748-one.png', '2019-06-16 08:47:09'),
(9, 99, 6, 'driving-license', 6, '2019-06-06', '1560674876460-exit_poll.png', '2019-06-16 08:47:56'),
(10, 99, 6, 'driving-license', 6, '2019-06-06', '1560675958810-vote_no.png', '2019-06-16 09:05:58'),
(11, 99, 83, 'training', 456, '2019-05-27', '1560676090510-two.png', '2019-06-16 09:08:10'),
(12, 110, 90, 'training', 500, '2019-06-19', '1560924229916-bg-white-300x165.jpg', '2019-06-19 06:03:49');

-- --------------------------------------------------------

--
-- Table structure for table `training_course_category`
--

CREATE TABLE `training_course_category` (
  `id` int(11) NOT NULL,
  `title` varchar(200) NOT NULL
) ENGINE=InnoDB DEFAULT CHARSET=utf8;

--
-- Dumping data for table `training_course_category`
--

INSERT INTO `training_course_category` (`id`, `title`) VALUES
(1, 'หลักสูตรสำหรับนักบริหาร'),
(2, 'การบริหารและจัดการทั่วไป'),
(3, 'พัฒนาระบบคิด');

-- --------------------------------------------------------

--
-- Table structure for table `user`
--

CREATE TABLE `user` (
  `id` int(11) NOT NULL,
  `username` varchar(50) NOT NULL,
  `password` varchar(100) NOT NULL,
  `first_name` varchar(100) NOT NULL,
  `last_name` varchar(100) NOT NULL,
  `email` varchar(100) DEFAULT NULL,
  `phone_office` varchar(100) NOT NULL,
  `role` enum('user','admin','super_admin','') NOT NULL,
  `created_at` timestamp NOT NULL DEFAULT CURRENT_TIMESTAMP,
  `status` enum('active','inactive','deleted','') NOT NULL DEFAULT 'active'
) ENGINE=InnoDB DEFAULT CHARSET=utf8;

--
-- Dumping data for table `user`
--

INSERT INTO `user` (`id`, `username`, `password`, `first_name`, `last_name`, `email`, `phone_office`, `role`, `created_at`, `status`) VALUES
(1, 'promlert', 'e99a18c428cb38d5f260853678922e03', 'พร้อมเลิศ', 'หล่อวิจิตร', 'promlert@gmail.com', '02-555-5555-99 ต่อ 1234', 'super_admin', '2018-11-23 17:13:45', 'active'),
(2, 'test', '098f6bcd4621d373cade4e832627b4f6', 'test_first_name', 'test_last_name', NULL, '', 'admin', '2018-11-23 17:17:09', 'active'),
(3, 'user', 'ee11cbb19052e40b07aac0ca060c23ee', 'Normal', 'User', NULL, '', 'user', '2018-11-28 08:20:36', 'active'),
(4, 'admin', '21232f297a57a5a743894a0e4a801fc3', 'Normal', 'Admin', NULL, '', 'admin', '2018-11-28 08:20:36', 'active'),
(5, 'superadmin', '17c4520f6cfd1ab53d8745e84681eb49', 'Super', 'Admin', NULL, '', 'super_admin', '2018-11-28 08:21:08', 'active'),
(6, 'super', '1b3231655cebb7a1f783eddf27d254ca', 'Super', 'Admin', NULL, '', 'super_admin', '2018-11-28 08:22:35', 'active');

--
-- Indexes for dumped tables
--

--
-- Indexes for table `academic_paper`
--
ALTER TABLE `academic_paper`
  ADD PRIMARY KEY (`id`);

--
-- Indexes for table `academic_paper_download`
--
ALTER TABLE `academic_paper_download`
  ADD PRIMARY KEY (`id`);

--
-- Indexes for table `course`
--
ALTER TABLE `course`
  ADD PRIMARY KEY (`id`);

--
-- Indexes for table `course_asset`
--
ALTER TABLE `course_asset`
  ADD PRIMARY KEY (`id`);

--
-- Indexes for table `course_fee`
--
ALTER TABLE `course_fee`
  ADD PRIMARY KEY (`id`);

--
-- Indexes for table `course_master`
--
ALTER TABLE `course_master`
  ADD PRIMARY KEY (`id`);

--
-- Indexes for table `course_registration`
--
ALTER TABLE `course_registration`
  ADD PRIMARY KEY (`id`);

--
-- Indexes for table `course_registration_driving_license`
--
ALTER TABLE `course_registration_driving_license`
  ADD PRIMARY KEY (`id`);

--
-- Indexes for table `course_registration_social`
--
ALTER TABLE `course_registration_social`
  ADD PRIMARY KEY (`id`);

--
-- Indexes for table `course_trainee`
--
ALTER TABLE `course_trainee`
  ADD PRIMARY KEY (`id`);

--
-- Indexes for table `driving_license_course_type`
--
ALTER TABLE `driving_license_course_type`
  ADD PRIMARY KEY (`id`);

--
-- Indexes for table `in_house`
--
ALTER TABLE `in_house`
  ADD PRIMARY KEY (`id`);

--
-- Indexes for table `member`
--
ALTER TABLE `member`
  ADD PRIMARY KEY (`id`),
  ADD UNIQUE KEY `email` (`email`);

--
-- Indexes for table `name_title`
--
ALTER TABLE `name_title`
  ADD PRIMARY KEY (`id`);

--
-- Indexes for table `organization_type`
--
ALTER TABLE `organization_type`
  ADD PRIMARY KEY (`id`);

--
-- Indexes for table `payment_notification`
--
ALTER TABLE `payment_notification`
  ADD PRIMARY KEY (`id`);

--
-- Indexes for table `training_course_category`
--
ALTER TABLE `training_course_category`
  ADD PRIMARY KEY (`id`);

--
-- Indexes for table `user`
--
ALTER TABLE `user`
  ADD PRIMARY KEY (`id`);

--
-- AUTO_INCREMENT for dumped tables
--

--
-- AUTO_INCREMENT for table `academic_paper`
--
ALTER TABLE `academic_paper`
  MODIFY `id` int(11) NOT NULL AUTO_INCREMENT, AUTO_INCREMENT=5;

--
-- AUTO_INCREMENT for table `academic_paper_download`
--
ALTER TABLE `academic_paper_download`
  MODIFY `id` int(11) NOT NULL AUTO_INCREMENT, AUTO_INCREMENT=3;

--
-- AUTO_INCREMENT for table `course`
--
ALTER TABLE `course`
  MODIFY `id` int(11) NOT NULL AUTO_INCREMENT, AUTO_INCREMENT=25;

--
-- AUTO_INCREMENT for table `course_asset`
--
ALTER TABLE `course_asset`
  MODIFY `id` int(11) NOT NULL AUTO_INCREMENT, AUTO_INCREMENT=45;

--
-- AUTO_INCREMENT for table `course_fee`
--
ALTER TABLE `course_fee`
  MODIFY `id` int(11) NOT NULL AUTO_INCREMENT, AUTO_INCREMENT=80;

--
-- AUTO_INCREMENT for table `course_master`
--
ALTER TABLE `course_master`
  MODIFY `id` int(11) NOT NULL AUTO_INCREMENT, AUTO_INCREMENT=13;

--
-- AUTO_INCREMENT for table `course_registration`
--
ALTER TABLE `course_registration`
  MODIFY `id` int(11) NOT NULL AUTO_INCREMENT, AUTO_INCREMENT=86;

--
-- AUTO_INCREMENT for table `course_registration_driving_license`
--
ALTER TABLE `course_registration_driving_license`
  MODIFY `id` int(11) NOT NULL AUTO_INCREMENT, AUTO_INCREMENT=12;

--
-- AUTO_INCREMENT for table `course_registration_social`
--
ALTER TABLE `course_registration_social`
  MODIFY `id` int(11) NOT NULL AUTO_INCREMENT, AUTO_INCREMENT=7;

--
-- AUTO_INCREMENT for table `course_trainee`
--
ALTER TABLE `course_trainee`
  MODIFY `id` int(11) NOT NULL AUTO_INCREMENT, AUTO_INCREMENT=98;

--
-- AUTO_INCREMENT for table `driving_license_course_type`
--
ALTER TABLE `driving_license_course_type`
  MODIFY `id` int(11) NOT NULL AUTO_INCREMENT, AUTO_INCREMENT=4;

--
-- AUTO_INCREMENT for table `in_house`
--
ALTER TABLE `in_house`
  MODIFY `id` int(11) NOT NULL AUTO_INCREMENT, AUTO_INCREMENT=3;

--
-- AUTO_INCREMENT for table `member`
--
ALTER TABLE `member`
  MODIFY `id` int(11) NOT NULL AUTO_INCREMENT, AUTO_INCREMENT=113;

--
-- AUTO_INCREMENT for table `name_title`
--
ALTER TABLE `name_title`
  MODIFY `id` int(11) NOT NULL AUTO_INCREMENT, AUTO_INCREMENT=5;

--
-- AUTO_INCREMENT for table `organization_type`
--
ALTER TABLE `organization_type`
  MODIFY `id` int(11) NOT NULL AUTO_INCREMENT, AUTO_INCREMENT=8;

--
-- AUTO_INCREMENT for table `payment_notification`
--
ALTER TABLE `payment_notification`
  MODIFY `id` int(11) NOT NULL AUTO_INCREMENT, AUTO_INCREMENT=13;

--
-- AUTO_INCREMENT for table `training_course_category`
--
ALTER TABLE `training_course_category`
  MODIFY `id` int(11) NOT NULL AUTO_INCREMENT, AUTO_INCREMENT=4;

--
-- AUTO_INCREMENT for table `user`
--
ALTER TABLE `user`
  MODIFY `id` int(11) NOT NULL AUTO_INCREMENT, AUTO_INCREMENT=7;
COMMIT;

/*!40101 SET CHARACTER_SET_CLIENT=@OLD_CHARACTER_SET_CLIENT */;
/*!40101 SET CHARACTER_SET_RESULTS=@OLD_CHARACTER_SET_RESULTS */;
/*!40101 SET COLLATION_CONNECTION=@OLD_COLLATION_CONNECTION */;
