-- phpMyAdmin SQL Dump
-- version 4.8.3
-- https://www.phpmyadmin.net/
--
-- Host: localhost
-- Generation Time: Aug 31, 2019 at 10:46 AM
-- Server version: 10.1.37-MariaDB
-- PHP Version: 7.2.12

SET SQL_MODE = "NO_AUTO_VALUE_ON_ZERO";
SET AUTOCOMMIT = 0;
START TRANSACTION;
SET time_zone = "+00:00";


/*!40101 SET @OLD_CHARACTER_SET_CLIENT=@@CHARACTER_SET_CLIENT */;
/*!40101 SET @OLD_CHARACTER_SET_RESULTS=@@CHARACTER_SET_RESULTS */;
/*!40101 SET @OLD_COLLATION_CONNECTION=@@COLLATION_CONNECTION */;
/*!40101 SET NAMES utf8mb4 */;

--
-- Database: `icehr`
--

-- --------------------------------------------------------

--
-- Table structure for table `academic_paper`
--

CREATE TABLE `academic_paper` (
  `id` int(11) NOT NULL,
  `title` varchar(500) COLLATE utf8mb4_unicode_ci NOT NULL,
  `file_name` varchar(200) COLLATE utf8mb4_unicode_ci NOT NULL,
  `first_name` varchar(200) COLLATE utf8mb4_unicode_ci NOT NULL,
  `last_name` varchar(200) COLLATE utf8mb4_unicode_ci NOT NULL,
  `year_published` varchar(4) COLLATE utf8mb4_unicode_ci NOT NULL,
  `abstract` text COLLATE utf8mb4_unicode_ci NOT NULL,
  `fund_source` varchar(200) COLLATE utf8mb4_unicode_ci NOT NULL,
  `created_at` timestamp NOT NULL DEFAULT CURRENT_TIMESTAMP
) ENGINE=InnoDB DEFAULT CHARSET=utf8mb4 COLLATE=utf8mb4_unicode_ci;

--
-- Dumping data for table `academic_paper`
--

INSERT INTO `academic_paper` (`id`, `title`, `file_name`, `first_name`, `last_name`, `year_published`, `abstract`, `fund_source`, `created_at`) VALUES
(1, 'สถานการณ์การมีส่วนร่วมในการทำงานของนักวิจัยสตรีด้านวิทยาศาสตร์', 'test.pdf', 'กิตติภูมิ', 'วิเศษศักดิ์', '2561', 'ภารกิจด้านงานวิจัยของสถาบัน มีหลักการที่สำคัญคือการผลิตและเผยแพร่องค์ความรู้ทางวิชาการ เพื่อเสริมสร้างศักยภาพของทรัพยากรมนุษย์ในทุกภาคส่วน ทั้งภาครัฐและภาคเอกชน ให้พัฒนาไปอย่างมีทิศทางตอบสนองความต้องการในการพัฒนาประเทศและเท่าทันกับโลก โดยมีงานวิจัยผ่านแหล่งทุนต่าง ๆ ทั้งงบประมาณแผ่นดิน งบจากมหาวิทยาลัยธรรมศาสตร์ และงบจากแหล่งทุนภายนอก นอกจากนี้สถาบันฯ ได้มีการจัดทำวารสาร HR intelligence เพื่อเป็นช่องทางสำหรับการเผยแพร่ความรู้ นวัตกรรม และงานวิจัยในด้านทรัพยากรมนุษย์ในทุกมิติ โดยวารสารได้รับการรับรองคุณภาพจาก TCI อยู่ในกลุ่มที่ 1\r\n\r\nภารกิจด้านงานวิจัยของสถาบัน มีหลักการที่สำคัญคือการผลิตและเผยแพร่องค์ความรู้ทางวิชาการ เพื่อเสริมสร้างศักยภาพของทรัพยากรมนุษย์ในทุกภาคส่วน ทั้งภาครัฐและภาคเอกชน ให้พัฒนาไปอย่างมีทิศทางตอบสนองความต้องการในการพัฒนาประเทศและเท่าทันกับโลก โดยมีงานวิจัยผ่านแหล่งทุนต่าง ๆ ทั้งงบประมาณแผ่นดิน งบจากมหาวิทยาลัยธรรมศาสตร์ และงบจากแหล่งทุนภายนอก นอกจากนี้สถาบันฯ ได้มีการจัดทำวารสาร HR intelligence เพื่อเป็นช่องทางสำหรับการเผยแพร่ความรู้ นวัตกรรม และงานวิจัยในด้านทรัพยากรมนุษย์ในทุกมิติ โดยวารสารได้รับการรับรองคุณภาพจาก TCI อยู่ในกลุ่มที่ 1\r\n\r\nภารกิจด้านงานวิจัยของสถาบัน มีหลักการที่สำคัญคือการผลิตและเผยแพร่องค์ความรู้ทางวิชาการ เพื่อเสริมสร้างศักยภาพของทรัพยากรมนุษย์ในทุกภาคส่วน ทั้งภาครัฐและภาคเอกชน ให้พัฒนาไปอย่างมีทิศทางตอบสนองความต้องการในการพัฒนาประเทศและเท่าทันกับโลก โดยมีงานวิจัยผ่านแหล่งทุนต่าง ๆ ทั้งงบประมาณแผ่นดิน งบจากมหาวิทยาลัยธรรมศาสตร์ และงบจากแหล่งทุนภายนอก นอกจากนี้สถาบันฯ ได้มีการจัดทำวารสาร HR intelligence เพื่อเป็นช่องทางสำหรับการเผยแพร่ความรู้ นวัตกรรม และงานวิจัยในด้านทรัพยากรมนุษย์ในทุกมิติ โดยวารสารได้รับการรับรองคุณภาพจาก TCI อยู่ในกลุ่มที่ 1\r\n\r\nภารกิจด้านงานวิจัยของสถาบัน มีหลักการที่สำคัญคือการผลิตและเผยแพร่องค์ความรู้ทางวิชาการ เพื่อเสริมสร้างศักยภาพของทรัพยากรมนุษย์ในทุกภาคส่วน ทั้งภาครัฐและภาคเอกชน ให้พัฒนาไปอย่างมีทิศทางตอบสนองความต้องการในการพัฒนาประเทศและเท่าทันกับโลก โดยมีงานวิจัยผ่านแหล่งทุนต่าง ๆ ทั้งงบประมาณแผ่นดิน งบจากมหาวิทยาลัยธรรมศาสตร์ และงบจากแหล่งทุนภายนอก นอกจากนี้สถาบันฯ ได้มีการจัดทำวารสาร HR intelligence เพื่อเป็นช่องทางสำหรับการเผยแพร่ความรู้ นวัตกรรม และงานวิจัยในด้านทรัพยากรมนุษย์ในทุกมิติ โดยวารสารได้รับการรับรองคุณภาพจาก TCI อยู่ในกลุ่มที่ 1\r\n\r\nภารกิจด้านงานวิจัยของสถาบัน มีหลักการที่สำคัญคือการผลิตและเผยแพร่องค์ความรู้ทางวิชาการ เพื่อเสริมสร้างศักยภาพของทรัพยากรมนุษย์ในทุกภาคส่วน ทั้งภาครัฐและภาคเอกชน ให้พัฒนาไปอย่างมีทิศทางตอบสนองความต้องการในการพัฒนาประเทศและเท่าทันกับโลก โดยมีงานวิจัยผ่านแหล่งทุนต่าง ๆ ทั้งงบประมาณแผ่นดิน งบจากมหาวิทยาลัยธรรมศาสตร์ และงบจากแหล่งทุนภายนอก นอกจากนี้สถาบันฯ ได้มีการจัดทำวารสาร HR intelligence เพื่อเป็นช่องทางสำหรับการเผยแพร่ความรู้ นวัตกรรม และงานวิจัยในด้านทรัพยากรมนุษย์ในทุกมิติ โดยวารสารได้รับการรับรองคุณภาพจาก TCI อยู่ในกลุ่มที่ 1\r\n\r\nภารกิจด้านงานวิจัยของสถาบัน มีหลักการที่สำคัญคือการผลิตและเผยแพร่องค์ความรู้ทางวิชาการ เพื่อเสริมสร้างศักยภาพของทรัพยากรมนุษย์ในทุกภาคส่วน ทั้งภาครัฐและภาคเอกชน ให้พัฒนาไปอย่างมีทิศทางตอบสนองความต้องการในการพัฒนาประเทศและเท่าทันกับโลก โดยมีงานวิจัยผ่านแหล่งทุนต่าง ๆ ทั้งงบประมาณแผ่นดิน งบจากมหาวิทยาลัยธรรมศาสตร์ และงบจากแหล่งทุนภายนอก นอกจากนี้สถาบันฯ ได้มีการจัดทำวารสาร HR intelligence เพื่อเป็นช่องทางสำหรับการเผยแพร่ความรู้ นวัตกรรม และงานวิจัยในด้านทรัพยากรมนุษย์ในทุกมิติ โดยวารสารได้รับการรับรองคุณภาพจาก TCI อยู่ในกลุ่มที่ 1', 'มหาวิทยาลัยธรรมศาสตร์', '2019-06-25 04:06:02'),
(2, 'aaaaa', '1561537363-AC-2019-0081.pdf', 'bbbbb', 'ccccc', '9999', 'eeeee', 'ddddd', '2019-06-26 07:54:59'),
(3, 'สถานการณ์ภาคใต้', '1561538035-ว 629.pdf', 'พร้อมเลิศ', 'หล่อวิจิตร', '2560', 'ทดสอบๆๆๆๆๆ\n\nทดสอบๆๆๆๆๆๆๆๆ\n\nทดสอบๆๆๆๆๆๆ\n', 'จุฬาลงกรณ์มหาวิทยาลัย', '2019-06-26 08:33:55');

-- --------------------------------------------------------

--
-- Table structure for table `academic_paper_download`
--

CREATE TABLE `academic_paper_download` (
  `id` int(11) NOT NULL,
  `academic_paper_id` int(11) NOT NULL,
  `first_name` varchar(200) COLLATE utf8mb4_unicode_ci NOT NULL,
  `last_name` varchar(200) COLLATE utf8mb4_unicode_ci NOT NULL,
  `organization_name` varchar(200) COLLATE utf8mb4_unicode_ci NOT NULL,
  `job_position` varchar(200) COLLATE utf8mb4_unicode_ci NOT NULL,
  `occupation` varchar(200) COLLATE utf8mb4_unicode_ci NOT NULL,
  `email` varchar(200) COLLATE utf8mb4_unicode_ci NOT NULL,
  `use_purpose` text COLLATE utf8mb4_unicode_ci NOT NULL,
  `created_at` timestamp NOT NULL DEFAULT CURRENT_TIMESTAMP
) ENGINE=InnoDB DEFAULT CHARSET=utf8mb4 COLLATE=utf8mb4_unicode_ci;

--
-- Dumping data for table `academic_paper_download`
--

INSERT INTO `academic_paper_download` (`id`, `academic_paper_id`, `first_name`, `last_name`, `organization_name`, `job_position`, `occupation`, `email`, `use_purpose`, `created_at`) VALUES
(1, 1, 'พร้อมเลิศ', 'หล่อวิจิตร', '2fellows', 'System Analyst', 'Programmer', 'promlert@gmail.com', 'test', '2019-06-27 07:34:41'),
(2, 1, 'a', 'a', 'a', 'a', 'a', 'a', 'a', '2019-06-27 07:34:41');

-- --------------------------------------------------------

--
-- Table structure for table `article`
--

CREATE TABLE `article` (
  `id` int(10) UNSIGNED NOT NULL,
  `title` varchar(255) COLLATE utf8mb4_unicode_ci DEFAULT NULL,
  `slug` varchar(255) COLLATE utf8mb4_unicode_ci DEFAULT NULL,
  `description` text COLLATE utf8mb4_unicode_ci,
  `featured` tinyint(1) DEFAULT NULL,
  `status` enum('publish','draft') COLLATE utf8mb4_unicode_ci NOT NULL,
  `meta_title` varchar(255) COLLATE utf8mb4_unicode_ci NOT NULL,
  `start_date` datetime DEFAULT NULL,
  `end_date` datetime DEFAULT NULL,
  `meta_keywords` varchar(255) COLLATE utf8mb4_unicode_ci DEFAULT NULL,
  `meta_description` text COLLATE utf8mb4_unicode_ci,
  `created_at` timestamp NOT NULL DEFAULT CURRENT_TIMESTAMP ON UPDATE CURRENT_TIMESTAMP,
  `updated_at` timestamp NULL DEFAULT NULL ON UPDATE CURRENT_TIMESTAMP,
  `hit` int(10) DEFAULT '0',
  `created_by` int(10) DEFAULT NULL,
  `updated_by` int(10) DEFAULT NULL,
  `page_layout` enum('mission','organizational_structure','about_organization','activity','training_project_news','news') COLLATE utf8mb4_unicode_ci DEFAULT NULL,
  `short_description` text COLLATE utf8mb4_unicode_ci,
  `video_type` enum('youtube_embed','mp4') COLLATE utf8mb4_unicode_ci DEFAULT NULL,
  `video_path` text COLLATE utf8mb4_unicode_ci
) ENGINE=InnoDB DEFAULT CHARSET=utf8mb4 COLLATE=utf8mb4_unicode_ci;

--
-- Dumping data for table `article`
--

INSERT INTO `article` (`id`, `title`, `slug`, `description`, `featured`, `status`, `meta_title`, `start_date`, `end_date`, `meta_keywords`, `meta_description`, `created_at`, `updated_at`, `hit`, `created_by`, `updated_by`, `page_layout`, `short_description`, `video_type`, `video_path`) VALUES
(1, 'ภารกิจ', 'test', NULL, NULL, 'publish', '', NULL, NULL, NULL, NULL, '2019-07-19 07:05:04', '2019-07-19 02:05:04', 0, 6, 6, 'mission', 'วิจัยและวิชาการ\r\nมีอำนาจหน้าที่ดำเนินการจัดทำข้อเสนอโครงการวิจัยเพื่อของบประมาณจากแหล่งทุนต่างๆ ดำเนินโครงการวิจัยที่ได้รับอนุมัติงบประมาณ หรือได้รับมอบหมาย จัดสรรทุนวิจัยจากกองทุนวิจัยของหน่วยงาน การทำสัญญารับทุนวิจัย การติดตามงานวิจัยที่ได้รับทุน การสังเคราะห์องค์ความรู้จากงานวิจัยหรือวิชาการ การสัมมนาเผยแพร่ผลงานวิจัยหรือวิชาการ การเห็บรวบรวมผลงานวิจัย การผลิตสื่อสิ่งพิมพ์ทางวิชาการ โครงการวารสาร HR intelligence และปฎิบัติหน้าที่อื่นตามที่ได้รับมอบหมาย', NULL, NULL),
(2, 'ขอเชิญเข้าร่วมโครงการศิลปวัฒนธรรม', 'ขอเชิญเข้าร่วมโครงการศิลปวัฒนธรรม', '<p>โครงการศิลปวัฒนธรรม</p>\r\n\r\n<p>&nbsp;</p>\r\n', 2, 'publish', '', '1970-01-01 00:00:00', '1970-01-01 01:00:00', '', '', '2019-07-19 05:57:19', '2019-07-19 00:57:19', 0, 6, 6, 'news', '', NULL, NULL),
(3, 'Innovative HR', 'innovative-hr', '<p>ในวันนี้ ทุกหน่วยงานและองค์กรต่างๆ ทั่วโลก ให้ความส าคัญกับการสร้างสรรค์นวัตกรรมขึ้นเป็นอย่าง มาก เพราะเรารู้ดีว่า นวัตกรรมเป็นทางออกเพียงหนึ่งเดียวในการอยู่รอดของธุรกิจในทศวรรษนี้ หน่วยงานต่างๆ จึง ได้ทุ่มเททรัพยากร เพื่อค้นคว้านวัตกรรมที่จะน ามาซึ่งความสามารถใหม่ ที่เพิ่มขีดความสามารถในการ แข่งขันกับ คู่แข่งในอุตสาหกรรมที่เปลี่ยนไป ถึงแม้ว่าภาคธุรกิจส่วนอื่นจะตื่นตัวในการพัฒนานวัตกรรม และมีผลลัพธ์อย่างต่อเนื่อง แต่นวัตกรรมใน สายงาน HR นั้นกลับมีจ านวนน้อยมาก ทั้งที่ยุคสมัยนี้เป็นยุคสมัยของการพัฒนาบุคลากร สืบเนื่องจากการขาด เครื่องมือที่เหมาะสมในการช่วยพัฒนานวัตกรรมส าหรับสายงาน HRD ท าให้กรอบการบริหารงานส่วนนี้จึงเป็นรูป แบบเดิม ๆ สถาบันฯ จึงได้ร่วมกับบริษัท Bold Group ในฐานะผู้เชี่ยวชาญด้านการสร้างสรรค์นวัตกรรมจาก ประเทศเยอรมันที่มีประสบการณ์ในการร่วมคิดค้นนวัตกรรมกับบริษัทชั้นน าของโลกเช่น Shell, Siemens, BMW, O-BASF, AIRBUS และ หน่วยงานชั้นน าของประเทศไทย อาทิ บมจ.ซีพี ออลล์, และ บมจ.ธนาคารไทยพาณิชย์และ หน่วยวิจัยในการดูแลของ สวทช. เป็นต้น น าเสนองานสัมมนาทั้งบรรยายและอบรมเชิงปฏิบัติการในหัวข้อ &ldquo;Innovative HR Transformation&rdquo; โดยน าเสนอรูปแบบการคิดนวัตกรรมที่ใช้งานได้ง่ายประเทศอิสราเอล เข้ากับ แนวทางการพัฒนา HR Transformation ที่ก าลังเป็นที่สนใจของสายงานทรัพยากรมนุษย์ เพื่อส่งเสริมให้เกิดการ พัฒนานวัตกรรมในสายงาน HRD กับองค์กรชั้นน าในประเทศเพื่อการพัฒนาบุคคลากรต่อไป</p>\r\n', 2, 'publish', '', '2019-01-07 00:00:00', '1970-01-01 01:00:00', '', '', '2019-07-19 01:06:32', '2019-07-19 01:06:32', 0, 6, NULL, 'news', '1. สมัครด้วยตนเองได้ที่ สถาบันเสริมศึกษาและทรัพยากรมนุษย์ มหาวิทยาลัยธรรมศาสตร์ อาคารอเนก\r\nประสงค์ 1 ชั้น 5 ถนนพระจันทร์ เขตพระนคร กรุงเทพมหานคร โทรศัพท์ 02 613 3820-5 กด 0 หรือ 100 โทรสาร\r\n(Fax) 0 2225 7517\r\n2. สมัครอบรมทางออนไลน์ www.icehr.tu.ac.th หรือส่งใบสมัครทาง E-mail : sermtham@tu.ac.th\r\nหรือ ทางโทรสาร 0 2225 7517', NULL, NULL),
(4, 'Effective Presentation and Meeting in English ', 'effective-presentation-and-meeting-in-english', '<p>Effective Presentation and Meeting in English for Global</p>\r\n', 2, 'publish', '', '1970-01-01 01:00:00', '1970-01-01 01:00:00', '', '', '2019-07-19 01:08:43', '2019-07-19 01:08:43', 0, 6, NULL, 'training_project_news', 'Effective Presentation and Meeting in English for Global', NULL, NULL),
(5, 'International Conference: Human Resources Manageme', 'international-conference-human-resources-manageme', '<p>ภาพการประชุม : International Conference: Human Resources Management in Higher Education</p>\r\n\r\n<p>Thammasat University,Tha Prachan Campus,</p>\r\n\r\n<p>Bangkok, Thailand</p>\r\n\r\n<p>26-27 October 2018</p>\r\n\r\n<p>Paper Download&nbsp;&nbsp;</p>\r\n\r\n<p><a href=\"http://www.icess.tu.ac.th/hr01/1.%20HR4ASIA%20PROJECT.pdf\">HR4Asia InternationalConference2018 e-Abstract</a></p>\r\n\r\n<p><a href=\"http://www.icess.tu.ac.th/hr01/2.%20HR4ASIA%20International%20Conference2018%20e-proceeding.pdf\">HR4ASIA International Conference2018 e-proceeding</a></p>\r\n\r\n<p><a href=\"http://www.icess.tu.ac.th/hr01/1.HR4ASIA_bkk%20conference_MF.MS.PRS.pdf\">The Challenges of Strategic Human Resources Management in Southeast Asian Universities, Fatima Jorge, Margarida Saraiva, Paulo Resende da Silva</a></p>\r\n\r\n<p><a href=\"http://www.icess.tu.ac.th/hr01/7.%20Professional%20education%20development%20in%20Laos.pdf\">A Time to Lay Off : Thai Universities of Fire, Dr.Jamnean Joungtrakul (DBA.,Ph.D.)</a></p>\r\n\r\n<p><a href=\"http://www.icess.tu.ac.th/hr01/8.%20Model%20of%20Competencies%20UE.pdf\">Lao Government Policy Measures and Education Institutions&rsquo; Responses to Labor Supply and Demand Mismatch in Laos, Bounlouane Douangngeune, Ph.D.</a></p>\r\n\r\n<p><a href=\"http://www.icess.tu.ac.th/hr01/Bangkok_conf%20-%20BUI%20VAN%20GA.pdf\">Competency Model application to RUPP to Enhancing Staffs&rsquo; performance, SENG Molika</a></p>\r\n\r\n<p>&nbsp;<a href=\"http://www.icess.tu.ac.th/hr01/4.pdf\">Employer branding as recruitment and retention tool for the universities, Asta Radzeviciene, Aleksandra Sokolova</a></p>\r\n\r\n<p><a href=\"http://www.icess.tu.ac.th/hr01/6.pdf\">Strategic Solutions for Human Resource Development at the University of Danang (UD), Ho Long Ngoc</a></p>\r\n\r\n<p>&nbsp;<a href=\"http://www.icess.tu.ac.th/hr01/Bangkok_conf%20-%20BUI%20VAN%20GA%20%5bCompatibility%20Mode%5d.pdf\">Faculty member development for Vietnamese Universities, Prof.Dr. Sc. Bui Van Ga, Prof.Dr. Tran Van Nam</a></p>\r\n\r\n<p>&nbsp;</p>\r\n', 2, 'publish', '', '1970-01-01 01:00:00', '1970-01-01 01:00:00', '', '', '2019-07-19 01:10:33', '2019-07-19 01:10:33', 0, 6, NULL, 'activity', 'International Conference: Human Resources Management in Higher Education', '', NULL),
(6, 'Effective Presentation Technique ', 'effective-presentation-technique', '<p>Effective Presentation Technique เทคนิคการนำเสนอย่างมีประสิทธิภาพ</p>\r\n\r\n<table align=\"center\" cellpadding=\"0\" cellspacing=\"0\" style=\"width:100%\">\r\n	<tbody>\r\n		<tr>\r\n			<td style=\"vertical-align:top\">\r\n			<p>(7,700 บาท)&nbsp;</p>\r\n			</td>\r\n		</tr>\r\n	</tbody>\r\n</table>\r\n', 2, 'publish', '', '1970-01-01 01:00:00', '1970-01-01 01:00:00', '', '', '2019-07-19 01:58:41', '2019-07-19 01:58:41', 0, 6, NULL, 'training_project_news', 'Effective Presentation Technique เทคนิคการนำเสนอย่างมีประสิทธิภาพ', NULL, NULL),
(7, 'หลักสูตร : ศิลปะการพัฒนาภาวะผู้นำ (Leadership Deve', 'หลักสูตร-ศิลปะการพัฒนาภาวะผู้นำ-leadership-deve', '<p>วันพฤหัสบดี-วันศุกร์ที่ 18-19 ตุลาคม 2561 สถาบันเสริมศึกษาและทรัพยากรมนุษย์ มหาวิทยาลัยธรรมศาสตร์ จัดอบรม หลักสูตร : ศิลปะการพัฒนาภาวะผู้นำ (Leadership Development) รุ่นที่ 27 วิทยากรโดย ผู้ช่วยศาสตราจารย์ ดร.เมธาวุฒิ พีรพรวิทูร โดยการอบรมครั้งนี้ยังคงได้รับความสนใจจากหน่วยงานภาครัฐและเอกชนอย่างต่อเนื่อง เพราะเป็นหลักสูตรที่เน้นทั้งภาคทฤษฎีพร้อมภาคปฏิบัติ เพื่อให้ผู้เข้าอบรมได้เข้าใจเกี่ยวกับหลักการ แนวคิด และทฤษฎีภาวะผู้นำ ไปในทิศทางที่ถูกต้อง พร้อมนำหลักการที่ได้ตลอดทั้งสองวันนี้กลับไปพัฒนาศักยภาพของตนเองและหน่วงานของตนเองให้มีประสิทธิภาพอย่างสูงสุด</p>\r\n', 2, 'publish', '', '1970-01-01 01:00:00', '1970-01-01 01:00:00', '', '', '2019-07-19 02:01:32', '2019-07-19 02:01:32', 0, 6, NULL, 'activity', ' วันพฤหัสบดี-วันศุกร์ที่ 18-19 ตุลาคม 2561 สถาบันเสริมศึกษาและทรัพยากรมนุษย์ มหาวิทยาลัยธรรมศาสตร์ จัดอบรม หลักสูตร : ศิลปะการพัฒนาภาวะผู้นำ (Leadership Development) รุ่นที่ 27 วิทยากรโดย ผู้ช่วยศาสตราจารย์ ดร.เมธาวุฒิ พีรพรวิทูร โดยการอบรมครั้งนี้ยังคงได้รับความสนใจจากหน่วยงานภาครัฐและเอกชนอย่างต่อเนื่อง เพราะเป็นหลักสูตรที่เน้นทั้งภาคทฤษฎีพร้อมภาคปฏิบัติ เพื่อให้ผู้เข้าอบรมได้เข้าใจเกี่ยวกับหลักการ แนวคิด และทฤษฎีภาวะผู้นำ ไปในทิศทางที่ถูกต้อง พร้อมนำหลักการที่ได้ตลอดทั้งสองวันนี้กลับไปพัฒนาศักยภาพของตนเองและหน่วงานของตนเองให้มีประสิทธิภาพอย่างสูงสุด', '', NULL),
(8, 'ประวัติและความเป็นมา (HISTORY)', 'ประวัติและความเป็นมา-history', NULL, NULL, 'publish', '', NULL, NULL, NULL, NULL, '2019-07-19 02:02:26', '2019-07-19 02:02:26', 0, 6, NULL, 'about_organization', 'ประวัติและความเป็นมา (HISTORY)\r\nสถาบันเสริมศึกษาและทรัพยากรมนุษย์ เป็นสถาบันที่จัดตั้งขึ้นจากการควบรวมกันของสำนักเสริมศึกษาและบริการสังคม กับ สถาบันทรัพยากรมนุษย์ ตามข้อบังคับมหาวิทยาลัยธรรมศาสตร์ ว่าด้วยการจัดตั้งและแบ่งส่วนงานของมหาวิทยาลัยธรรมศาสตร์ พ.ศ.2559 เมื่อวันที่ 1 มิถุนายน 2560 \r\n\r\nโดยมีการแบ่งโครงสร้างการบริหารงานสำนักงานเลขานุการสถาบัน เป็น 4 งาน ได้แก่ \r\n\r\n1. งานวิจัยและวิชาการ \r\n2. งานพัฒนาคนและองค์กร \r\n3. งานบริหารสังคมและชุมชน \r\n4. งานบริหารสำนักงาน \r\n\r\nวิสัยทัศน์ (VISION)\r\n“สถาบันเสริมศึกษาและทรัพยากรมนุษย์เป็นสถาบันหลักของประเทศในการชี้นำและมีชื่อเสียงด้านทรัพยากรมนุษย์ในระดับชาติ” \r\n\r\nพันธกิจ (MISSION)\r\nสถาบันเสริมศึกษาและทรัพยากรมนุษย์มีภารกิจรับผิดชอบดำเนินการสร้าง พัฒนา และเผยแพร่องค์ความรู้ด้านทรัพยากรมนุษย์ผ่านงานวิจัยและวิชาการ จัดกิจกรรมบริการวิชาการสู่สังคมและชุมชนเพื่อสร้างโอกาสทางการศึกษาและการเรียนรู้ตลอดชีวิต บนรากฐานของสังคมแห่งการเรียนรู้ ตลอดจนพัฒนาบุคลากรของมหาวิทยาลัยตามที่ได้รับมอบหมาย \r\n\r\nค่านิยมหลัก (CORE VALUE)\r\nSPECIAL \r\n1. Service Mind มีใจบริการ หมายถึง การที่บุคลากรมีจิตใจรักในการบริการ มีความเต็มใจความกระตือรือร้น และมุ่งมั่น ที่จะให้บริการแก่ผู้รับบริการทุกระดับให้เกิดความพึงพอใจ \r\n\r\n2. Professionalism เป็นผู้เชี่ยวชาญ มีความเป็นมืออาชีพ หมายถึง บุคลากรมีความรู้ความสามารถในงานที่ตนได้รับมอบหมายหรือที่รับผิดชอบอย่างถ่องแท้และสามารถบริหารจัดการให้งานดำเนินไปอย่างมี ประสิทธิภาพและประสิทธิผลสูงสุด \r\n\r\n3. Enthusiasm มีความกระตือรือร้น หมายถึง การที่บุคลากรมีความกระตือรือร้น มีความใส่ใจในการทำงาน เพื่อให้บรรลุความสำเร็จ \r\n\r\n4. Creativity มีความคิดสร้างสรรค์ หมายถึง การที่บุคลากรเป็นคนช่างคิด ช่างสังเกต และมีแนวคิดสิ่งใหม่ๆ เพื่อพัฒนาการทำงานไม่ยึดติดกับประสบการณ์หรือบริการที่ทำอยู่เดิม \r\n\r\n5. IT Literacy รอบรู้ด้าน IT หมายถึง การที่บุคลากรมีทักษะ ในการใช้เทคโนโลยีที่เหมาะสมกับงานที่รับผิดชอบ และมีความสนใจต่อเทคโนโลยีที่เปลี่ยนไปอย่างสม่ำเสมอ \r\n\r\n6. Accountability การรับผิด รับชอบ หมายถึง การที่บุคลากรของสถาบันมีความรับผิดชอบต่อตนเอง ต่อหน้าที่ๆได้รับมอบหมาย และมีความรับผิดชอบต่อสังคม \r\n\r\n7. Loyalty ความซื่อสัตย์ ความภักดีต่อองค์กร หมายถึง บุคลากรมีความรักและภาคภูมิใจในความเป็นบุคลากรขององค์กร มีความจงรักภักดีต่อองค์กรทำงานด้วยความทุ่มเท เสียสละ เพื่อให้องค์กรมีความเจริญก้าวหน้า \r\n\r\nนโยบาย แนวทาง และ การดำเนินงานของสถาบัน\r\nประเด็นยุทธศาสตร์ที่ 1 สร้างสรรค์งานวิจัยและนวัตกรรที่ก่อให้เกิดการเปลี่ยนแปลงในเชิงพัฒนาต่อสังคมไทยและสังคมโลก \r\nเป้าประสงค์ 1) ผลิตผลงานวิจัย และนวัตกรรมที่มีคุณภาพระดับมาตรฐานสากล และนำไปใช้ประโยชน์อย่างบูรณาการและยั่งยืน \r\nนโยบาย/แนวทางการบริหารของหน่วยงาน 1. ส่งเสริมการทำงานวิจัยด้านทรัพยากรมนุษย์ที่มีคุณภาพสูง \r\n2. มุ่งเน้นงานวิจัยที่มีคุณภาพสามารถตีพิมพ์ในระดับประเทศและนานาชาติ \r\n3. ปรับปรุงกฎเกณฑ์การให้ทุนวิจัยที่ชัดเจนมุ่งเน้นผลกระทบที่จะเกิดขึ้น สามารถนำไปใช้ประโยชน์ได้จริงและคำนึงถึงคุณภาพของงานวิจัย เช่นงานวิจัยที่นำสังคมในด้านทรัพยากรมนุษย์, SDG กับการพัฒนาทรัพยากรมนุษย์, ประชาคมอาเซียนและการรวมกลุ่มอนุภูมิภาค, การพัฒนาประเทศไทยตามแนวทาง \r\n4.0, การบริหารจัดการแรงงานข้ามชาติ,เขตเศรษฐกิจพิเศษรวมถึงงานวิจัยเชิงพื้นที่ เป็นต้น \r\nประเด็นยุทธศาสตร์ที่ 2 สร้างเครือข่ายความร่วมมือทั้งภายในและภายนอกประเทศ \r\nเป้าประสงค์ 2) ผลักดันให้เกิดการสร้างความร่วมมือทางวิชาการ การสร้างงานวิจัยและนวัตกรรม ทั้งภายในและภายนอกประเทศ ทั้งระดับหน่วยงานและระดับบุคคล \r\n\r\nนโยบาย/แนวทางการบริหารของหน่วยงาน\r\n1. การสร้างเครือข่ายเชิงยุทธศาสตร์ และ การแลกเปลี่ยนข้อมูล เป็นการดำเนินการเพื่อสร้างเครือข่ายในการทำงาน เนื่องจากงานด้านการฝึกอบรมเป็นงานด้านการบริการ ดังนั้นการมีหุ้นส่วนเชิงยุทธศาสตร์จะทำให้การทำงานมีความคล่องตัว เข้าถึงเป้าหมายได้ถูกกลุ่ม ลดระยะเวลาของการทำงานและต้นทุน \r\n\r\n2.การผลักดันให้เกิดความร่วมมือกับบุคลากรของแต่ละคณะที่มีความรู้ความชำนาญในแต่ละสาขาแต่อาจไม่มีโอกาสในการถ่ายทอดความรู้ในลักษณะของการฝึกอบรม และพัฒนารูปแบบของ sharingประโยชน์ระหว่างผู้ริเริ่มโครงการกับสถาบันฯ เพื่อให้เกิดการจูงใจให้คณาจารย์ที่มีศักยภาพมาร่วมงานกับสถาบันฯ \r\n\r\n3. การขยายเครือข่าย โดยเฉพาะการสร้างเครือข่ายความสัมพันธ์ระหว่างประเทศทั้งในด้านการวิจัยและการฝึกอบรม โดยการทำงานร่วมกับนักวิชาการต่างประเทศ หรือองค์กรระหว่างประเทศ เพื่อให้เกิดหลักสูตรที่ทันสมัย ตรงกับความต้องการของตลาดในอนาคต และอีกทางหนึ่งเป็นการยกระดับคะแนนการประเมินจัดอันดับให้กับทั้งสถาบันและมหาวิทยาลัย (เช่น QS ranking) \r\n\r\nประเด็นยุทธศาสตร์ที่ 3 มุ่งเน้นคุณภาพการให้บริการวิชาการและบริการสุขภาพที่ได้มาตรฐานสากล \r\nเป้าประสงค์ 3) เพื่อให้บริการวิชาการที่หลากหลายด้วยคุณภาพแก่ชุมชนและสังคม 4) เพื่อให้บริการที่เป็นเลิศด้านการรักษาพยาบาล การฟื้นฟู ป้องกัน และการสร้างเสริมสุขภาพแก่ประชาชน ด้วยคุณภาพตามมาตรฐานรางวัลคุณภาพแห่งชาติ (TQA) \r\n\r\nนโยบาย/แนวทางการบริหารของหน่วยงาน\r\n1. การพัฒนาหลักสูตรการฝึกอบรมที่ทันสมัย โดยหลักสูตรต้องตอบสนองต่อการเปลี่ยนแปลงของโลกและภูมิภาค อนุภูมิภาค ยุทธศาสตร์ของประเทศ ภาคธุรกิจ หลักสูตรต้องมีการชี้นำสังคมและเป็นนวัตกรรมทางด้านการบริหารจัดการทรัพยากรมนุษย์ โดยเป็นการจัดอบรมให้กับบุคลทั่วไปและเป็นการเฉพาะองค์กรรวมถึงการให้บริการด้านการให้คำปรึกษาในด้านการพัฒนาทรัพยากรมนุษย์ \r\n\r\n2. มีระบบการตั้งราคาหลักสูตรการฝึกอบรมที่เหมาะสม \r\n\r\n3.ส่งเสริมงานด้านการบริการสังคมที่จะมีผลกระทบเชิงบวกที่สูงต่อสถาบันฯและมหาวิทยาลัยโดยมีการกำหนดในเชิงยุทธศาสตร์ว่าจะทำหรือไม่ทำงานบริการสังคมในลักษณะใด เพื่อให้เกิดการมุ่งเป้าที่ชัดเจน มีผลกระทบที่สูง และเป็นการใช้ทรัพยากรอย่างคุ้มค่า \r\n\r\n4. ขยายฐานการฝึกอบรมกับประเทศเพื่อนบ้านในกลุ่มCLMV \r\nประเด็นยุทธศาสตร์ที่ 4 มุ่งสู่ความมั่นคง ยั่งยืน ด้วยการบริหารจัดการที่ทันสมัย \r\nเป้าประสงค์ 5) พัฒนาระบบงานและศักยภาพบุคลากรให้พร้อมรับต่อการเปลี่ยนแปลงอย่างยั่งยืน \r\n\r\nนโยบาย/แนวทางการบริหารของหน่วยงาน\r\n1. ยึดหลักการบริหารที่ใช้หลักการบริหารจัดการที่ดี (good governance) ในการบริหารงานทั้งหลักนิติธรรม หลักคุณธรรม หลักความโปร่งใส หลักการมีส่วนร่วม หลักความรับผิดชอบและหลักความคุ้มค่า \r\n\r\n2. การจัดทำยุทธศาสตร์และการจัดโครงสร้างองค์กรให้สอดรับภารกิจ โดยประเมินจากภารกิจตามพันธกิจและตามยุทธศาสตร์เดิมเป็นตัวตั้งและทบทวนยุทธศาสตร์ใหม่โดยการมีส่วนร่วมของผู้บริหารบุคลากรและผู้เกี่ยวข้อง (stakeholders) โดยมีประเด็นที่ท้าทายสอดรับกับภารกิจใหม่ และสถานการณ์ใหม่ๆในด้านการฝึกอบรมและการพัฒนาทรัพยากรมนุษย์ของประเทศและภูมิภาค \r\n\r\n3. การจัดโครงสร้างองค์กรและภาระงาน แผนพัฒนาบุคลากรโดยคำนึงถึงโครงสร้างที่เอื้อต่อการทำงาน มีภาระงานที่ไม่ทับซ้อนจนเกินไปมีการแบ่งภาระงานที่เหมาะสมตามความรู้ความสามารถ \r\n\r\n4. การทำJob Description ตามตำแหน่งงานและใช้เป็นเครื่องมือในการทำแผนพัฒนาศักยภาพของบุคลากร \r\n\r\n5. การสร้างทีม (Team Building) การจัดทำยุทธศาสตร์สถาบันฯโดยการมีส่วนร่วม เพื่อให้เกิดการทำงานเป็นทีม ตามภารกิจเดิมและ/หรือภารกิจที่มีการมอบหมายใหม่ และให้เกิดความรู้สึกเป็นเจ้าของสถาบัน มีการสร้างวัฒนธรรมองค์กรที่พึงประสงค์และระบบการสื่อสารภายในองค์กรที่มีประสิทธิภาพโดยอาศัยเทคโนโลยีเป็นเครื่องมือช่วย \r\n\r\n6. การปรับปรุง กฎเกณฑ์ เพื่อการกำกับ การส่งเสริม มากกว่าการจับผิดหรือการลงโทษ โดยเป็นการปรับปรุงกฎ ระเบียบที่เป็นอุปสรรคต่อการทำงาน เพื่อให้เกิดความคล่องตัวในการทำงานและเอื้ออำนวยต่อการทำงานเชิงรุก \r\n\r\n7. การทำงานแบบมืออาชีพและการจัดการองค์ความรู้ภายในองค์กร เป็นการสร้างระบบและกิจกรรมเพื่อการแลกเปลี่ยนองค์ความรู้ในองค์กรเพื่อให้บุคลากรทราบถึงภารกิจหน้าที่ของบุคลากรในทีม มีการจัดทำคู่มือการทำงาน เพื่อให้องค์ความรู้อยู่กับองค์กรและบุคลากรผู้จัดทำสามารถนำไปใช้ในการประเมินผลการปฏิบัติงานประจำปี \r\n\r\n8. มีการจัดระบบประเมินผลการปฏิบัติงานที่สะท้อนผลการทำงานของบุคลากรในแต่ละปีและมีความเป็นธรรม และมีระบบแรงจูงใจ(incentive) ที่สอดคล้องกับผลประกอบการของสถาบันและผลการปฏิบัติงาน \r\n9. มุ่งเน้นให้บุคลากรมีแนวคิดและการปฏิบัติงานของการให้บริการที่เป็นเลิศ \r\n\r\n10. การส่งเสริมการพัฒนาความสามารถของบุคลากรของสถาบันฯให้มีความสามารถที่สูงขึ้น สามารถรองรับกับภารกิจใหม่ๆที่จะเกิดขึ้นในอนาคต โดยเป็นการพัฒนาตามสายงาน มีเป้าหมายของการพัฒนาบุคลากรทั้งในด้านการฝึกอบรม การศึกษาต่อ เพื่อรองรับกับภารกิจของสถาบันฯ เช่น การฝึกอบรม การให้ทุนการศึกษา \r\n\r\n11. การวางแผนบริหารความเสี่ยง เพื่อเป็นการลดความเสี่ยงและความเสียหายกับองค์กรในกรณีที่เกิดเหตุการณ์ความเสี่ยง โดยเป็นการจัดทำแผนบริหารความเสี่ยงโดยการมีส่วนร่วมของบุคลากรของสถาบันฯ \r\n\r\n12. การบริหารจัดการงบประมาณและการบริหารจัดการทรัพย์สินของสถาบันฯ ให้มีดอกผลที่งอกเงยเพื่อใช้สนับสนุนการทำงานของสถาบันฯโดยมีการตั้งคณะกรรมการเพื่อการมีส่วนร่วมในการบริหารจัดการสร้างระบบการบริหารจัดการงบประมาณให้มีประสิทธิภาพ มีความโปร่งใส รวมถึงการจัดหางบประมาณเงินทุนทั้งจากภายในและภายนอกเพื่อใช้ในการพัฒนางานวิจัยและการบริการสังคม \r\n\r\n13. การใช้เทคโนโลยีเพื่อสนับสนุนการทำงานในด้านต่างๆ ทั้งยังเป็นการช่วยลดการใช้ทรัพยากรในการทำงาน \r\n\r\n14. จัดพื้นที่ทำงานให้เหมาะสมกับการทำงาน \r\n\r\n15. การประชาสัมพันธ์เชิงรุก และ การจัดทำ CSR อย่างเป็นระบบ เพื่อสื่อสารกับบุคลภายนอก ทั้งในด้านของการให้ข้อมูลต่อสังคมและเพื่อการสร้างภาพลักษณ์ที่ดีให้กับสถาบันฯและมหาวิทยาลัย \r\n\r\n16. การดำเนินการตามกิจการพิเศษที่ได้รับมอบหมาย และการจัดหาวาระที่เหมาะสมในการจัดกิจกรรมที่จะเกิด impact ต่อสถาบันฯและมหาวิทยาลัย เช่น การจัดประเมินและการมอบรางวัลแก่หน่วยงานหรือองค์กรที่เกี่ยวข้องในการดำเนินงานด้านการพัฒนาทรัพยากรมนุษย์ การจัดสัมมนาประจำปี(Symposium) การจัดสัมมนานานาชาติ (International Conference) เป็นต้น', NULL, NULL),
(9, 'พัฒนาคนและองค์กร', 'พัฒนาคนและองค์กร', NULL, NULL, 'publish', '', NULL, NULL, NULL, NULL, '2019-07-19 02:05:40', '2019-07-19 02:05:40', 0, 6, NULL, 'mission', 'มีอำนาจหน้าที่ดำเนินการจัดทำโครงการ การวิเคราะห์หาความต้องการอบรม (Training Need) และการพัฒนาหลักสูตรต่างๆ ด้านการบริหารและพัฒนาทรัพยากรมนุษย์ ทั้งหลักสูตรระยะสั้นและระยะยาว การจัดโครงการพัฒนาบุคลากรให้แก่มหาวิทยาลัยธรรมศาสตร์ รวมทั้งจัดโครงการอบรมให้แก่หน่วยงานภายนอกทั้งภาครัฐและเอกชน (In-house Training) จัดโครงการฝึกอบรมด้านการบริหารและการพัฒนาทรัพยากรมนุษย์ให้แก่บุคคลทั่วไปทั้งใน2งานวิเคราะห์และติดตามประเมินผลในลักษณะของโครงการเลี้ยงตัวเอง และปฏิบัติหน้าที่อื่นๆตามที่ได้รับมอบหมาย', NULL, NULL),
(10, 'โครงสร้างองค์กร  โครงสร้างสถาบัน', 'โครงสร้างองค์กร-โครงสร้างสถาบัน', NULL, NULL, 'publish', '', NULL, NULL, '', '', '2019-07-19 02:13:25', '2019-07-19 02:13:25', 0, 6, NULL, 'organizational_structure', NULL, NULL, NULL);

-- --------------------------------------------------------

--
-- Table structure for table `banners`
--

CREATE TABLE `banners` (
  `id` int(10) UNSIGNED NOT NULL,
  `name` varchar(255) COLLATE utf8mb4_unicode_ci DEFAULT NULL,
  `use_content_params` text COLLATE utf8mb4_unicode_ci,
  `use_content` enum('news','not_use','singlepage','franchise','promotion') COLLATE utf8mb4_unicode_ci NOT NULL,
  `link` text COLLATE utf8mb4_unicode_ci,
  `description` text COLLATE utf8mb4_unicode_ci,
  `status` enum('publish','draft') COLLATE utf8mb4_unicode_ci NOT NULL DEFAULT 'draft',
  `created_at` timestamp NULL DEFAULT NULL,
  `updated_at` timestamp NULL DEFAULT NULL,
  `target` tinyint(1) DEFAULT NULL,
  `created_by` int(10) DEFAULT NULL,
  `updated_by` int(10) DEFAULT NULL
) ENGINE=InnoDB DEFAULT CHARSET=utf8mb4 COLLATE=utf8mb4_unicode_ci;

--
-- Dumping data for table `banners`
--

INSERT INTO `banners` (`id`, `name`, `use_content_params`, `use_content`, `link`, `description`, `status`, `created_at`, `updated_at`, `target`, `created_by`, `updated_by`) VALUES
(1, 'บริการวิจัยและวิชาการ', NULL, 'news', NULL, '<p>บริการวิจัยและวิชาการ</p>\r\n', 'publish', '2019-07-19 02:43:53', '2019-07-19 02:43:53', 2, 6, NULL),
(2, 'บริการสังคมและชุมชน', NULL, 'news', NULL, '<p>บริการสังคมและชุมชน</p>\r\n', 'publish', '2019-07-19 02:44:32', '2019-07-19 02:44:32', 1, 6, NULL);

-- --------------------------------------------------------

--
-- Table structure for table `course`
--

CREATE TABLE `course` (
  `id` int(11) NOT NULL,
  `course_master_id` int(11) NOT NULL,
  `batch_number` int(11) DEFAULT NULL,
  `details` text COLLATE utf8mb4_unicode_ci NOT NULL,
  `trainee_limit` int(11) NOT NULL DEFAULT '0',
  `application_fee` int(11) DEFAULT NULL,
  `place` varchar(200) COLLATE utf8mb4_unicode_ci NOT NULL,
  `place_type` int(11) DEFAULT NULL,
  `begin_date` date NOT NULL,
  `end_date` date NOT NULL,
  `responsible_user_id` int(11) NOT NULL,
  `status` enum('normal','canceled','deleted','') COLLATE utf8mb4_unicode_ci NOT NULL DEFAULT 'normal',
  `created_at` timestamp NOT NULL DEFAULT CURRENT_TIMESTAMP
) ENGINE=InnoDB DEFAULT CHARSET=utf8mb4 COLLATE=utf8mb4_unicode_ci;

--
-- Dumping data for table `course`
--

INSERT INTO `course` (`id`, `course_master_id`, `batch_number`, `details`, `trainee_limit`, `application_fee`, `place`, `place_type`, `begin_date`, `end_date`, `responsible_user_id`, `status`, `created_at`) VALUES
(1, 1, 2, '', 30, 7200, 'โรงแรมนารายณ์ ถนนสีลม เขตบางรัก กรุงเทพมหานคร', 1, '2019-06-19', '2019-06-20', 1, 'normal', '2019-06-06 08:05:10'),
(2, 2, 1, '', 30, 4600, 'มหาวิทยาลัยธรรมศาสตร์ ท่าพระจันทร์ เขตพระนคร กรุงเทพมหานคร', 1, '2019-08-29', '2019-09-01', 1, 'normal', '2019-06-06 08:05:10'),
(3, 3, 1, '', 30, 4600, 'มหาวิทยาลัยธรรมศาสตร์ ท่าพระจันทร์ เขตพระนคร กรุงเทพมหานคร', 1, '2019-10-27', '2019-10-28', 8, 'normal', '2019-06-06 08:05:10'),
(4, 1, 1, '<p>ddd</p>\n', 1, 2900, 'มหาวิทยาลัยธรรมศาสตร์ ท่าพระจันทร์ เขตพระนคร กรุงเทพมหานคร', 1, '2019-09-08', '2019-09-09', 1, 'normal', '2019-06-06 08:05:10'),
(5, 2, 40, '<h1>ทดสอบ</h1>\n\n<p>This is my <strong>textarea</strong> to be replaced with CKEditor.</p>\n', 30, 4000, 'Ko Kreate Space', 1, '2019-09-01', '2019-09-03', 1, 'normal', '2019-06-06 08:05:10'),
(6, 1, 111, '<p>111</p>\n', 30, 111, '111', 2, '2019-10-01', '2019-11-01', 2, 'normal', '2019-06-06 08:05:10'),
(7, 2, 555, '<p>444</p>\n', 30, 444, '444', 2, '2019-09-15', '2019-09-16', 1, 'normal', '2019-06-06 08:05:10'),
(8, 3, 999, '<h3><strong>หลักการและเหตุผล</strong></h3>\n\n<p>ระบบเรตติ้ง หรือ Rating System for Audit เป็นเครื่องมือที่ สำคัญอย่างหนึ่งของงานการตรวจสอบภายในสมัยใหม่ เพราะสามารถ สะท้อนระดับความรุนแรงของผลที่พบจากการตรวจสอบได้อย่างชัดเจน มีเกณฑ์เงื่อนไขที่ชัดเจน ซึ่งจะช่วยให้เกิดประสิทธิภาพของงานตรวจสอบ ทั้งในมุมมอง ของผู้ตรวจสอบที่มีประสบการณ์ทักษะที่แตกต่างกันและทั้งหน่วยรับ ตรวจในการรับรู้ล่วงหน้าว่าจะปรับปรุงพัฒนาผลดำเนินงานของตนอย่างไรให้ระดับ Rating ดีขึ้นกว่าการตรวจสอบครั้งก่อนหน้า</p>\n\n<h3><strong>วัตถุประสงค์</strong></h3>\n\n<ol>\n	<li>เพื่อให้ผู้เข้าอบรมเข้าใจมาตรฐานการพัฒนา Audit Risk-Based Rating System เพื่อนำไปใช้ในการพัฒนา ใช้งานตรวจสอบภายใน</li>\n	<li>เพื่อให้ผู้เข้าอบรมได้ทดสอบกรอกข้อมูลความเห็นตาม checklist เพื่อนำไปใช้เป็นต้นแบบการพัฒนา Audit Risk-Based Rating System ในอนาคต</li>\n</ol>\n', 30, 99999, 'Nine nine nine', 2, '2019-10-09', '2019-10-11', 1, 'normal', '2019-06-06 08:05:10'),
(9, 1, 5678, '<ul>\n	<li>1234</li>\n	<li>5678</li>\n	<li>0000</li>\n</ul>\n', 30, 12345678, '12345678', 2, '2019-09-05', '2019-09-08', 2, 'normal', '2019-06-06 08:05:10'),
(10, 9, 2, '<h3>หลักการและเหตุผล</h3>\n\n<p>ความสำเร็จของผู้ที่อยู่ในโลกอาชีพที่มีการแข่งขัน เพื่อเสริมสร้างความสำเร็จให้กับตนเองและองค์กรของผู้ปฏิบัติงาน โดยเฉพาะระดับบังคับบัญชาในองค์กรถูกกำหนดไว้มี 4P คือ</p>\n\n<ol>\n	<li>PROFESSIONAL&nbsp;</li>\n	<li>PERSONALITY</li>\n	<li>POLITIC&nbsp;</li>\n	<li>PRESENTATION</li>\n</ol>\n\n<p>จากแนวทางดังกล่าวข้างต้น รูปแบบบริหารหนึ่งที่มีส่วนผลักดันให้กับความสำเร็จของบุคคลต่าง ๆ ในองค์กร คือ Presentation (การนำเสนอ) ศิลปะการนำเสนอเพื่อครองใจผู้ฟัง (Effective Presentation) เป็นหัวใจขายความคิดให้แก่ผู้ฟัง ลดความแตกต่างระหว่างผู้พูดกับผู้ฟัง สามารถจัดข้อโต้แย้งจากผู้ฟัง และเป็นการช่วยการตัดสินใจของผู้ฟัง ในเวลาที่จำกัด ส่วนสำคัญดังกล่าวต้องอาศัยทักษะในการเตรียมตัวของผู้เสนอ ทั้งด้านการจัดเตรียมการประชุม (Meeting Arrangement) การกำหนดเป้าหมายในการนำเสนอ (Objective Setting) การจัดระบบข้อความเพื่อการนำเสนอ (Agenda Setting) การวิเคราะห์ผู้ฟัง (Audience Analysis) และการจัดเตรียมเอกสารและสื่อเพื่อช่วยในการนำเสนอ (Hand &amp; Visual Aids Preparation) รวมถึงการใช้ทักษะในการสื่อความหมายให้เหมาะสมกับผู้ฟัง ประกอบด้วยน้ำเสียง สายตา การใช้คำพูด และบุคลิกภาพ ซึ่งเป็นศิลปะอีกอย่างหนึ่งที่ขาดไม่ได้</p>\n\n<p>ทักษะในการนำเสนอเพื่อครองใจผู้ฟังที่มีความชำนาญ ต้องอาศัยหลักเกณฑ์ที่มีแบบแผน กระชับ เร้าความสนใจ ชวนติดตาม กอปรกับการปรับปรุงบุคลิกภาพในการนำเสนอเพื่อสร้างความมั่นใจในการแสดงออก ย่อมเป็นเป้าหมายสำหรับ ผู้ที่จำเป็นต้องนำเสนอแผนงานให้แก่กลุ่มผู้ฟังในระดับสูง ทั้งภายในและภายนอกองค์กรของผู้ปฏิบัติงานในตำแหน่งต่าง ๆ ซึ่งจะสร้างความสำเร็จให้กับบุคคลนั้น ๆ และองค์กรในปัจจุบันและอนาคต</p>\n\n<h3>วัตถุประสงค์</h3>\n\n<ol>\n	<li>เพื่อได้รู้จักการกำหนดเป้าหมายและวัตถุประสงค์ในการสร้างศิลปะการนำเสนอเพื่อครองใจผู้ฟัง</li>\n	<li>เพื่อให้เข้าใจกระบวนการสังเกตและปรับแนวทางการนำเสนอด้วยการวิเคราะห์ผู้ฟังอย่างมีประสิทธิภาพ</li>\n	<li>เพื่อให้สามารถจัดลำดับความคิดเห็นและกระบวนการนำเสนออย่างมีขั้นตอนและเข้าใจง่าย</li>\n	<li>เพื่อให้สามารถจัดลำดับข้อมูลได้สมบูรณ์พร้อมสื่ออุปกรณ์เครื่องใช้ในการนำเสนอ</li>\n	<li>เพื่อให้สามารถสร้างความมั่นในการแสดงออกและเป็นแบบอย่างนำเสนอต่อผู้ฟัง</li>\n	<li>เพื่อให้ผู้อบรมได้ฝึกปฏิบัติรูปแบบพื้นฐานการนำเสนอ การแสดงความคิดเห็น การโน้มน้าว การนำเสนอเพื่อการตัดสินใจ การนำเสนอเพื่อขออนุมัติ และการเป็นผู้สอนงาน</li>\n</ol>\n', 300, 500, 'ธรรมศาสตร์ ท่าพระจันทร์', 1, '2019-09-22', '2019-09-30', 1, 'normal', '2019-06-06 08:05:10'),
(11, 11, 1, '', 30, 0, 'โรงแรมแอมบาสเดอร์', 1, '2019-10-01', '2019-10-01', 1, 'normal', '2019-06-06 08:05:10'),
(12, 12, 1, '<p>ห้องประชุมนิคม จันทรวิทุร ชั้น 7 อาคาอเนกประสงค์ 1 มหาวิทยาลัยธรรมศาสตร์ ท่าพระจันทร์</p>\r\n<p>สอบถามข้อมูลเพิ่มเติมได้ที่</p>\r\n<ol>\r\n<li>082-241-2212 คุณปวีณา (เจ้าหน้าที่ดูแลหลักสูตร)</li>\r\n<li>085-927-0795 คุณวิปัศยา (เจ้าหน้าที่ดูแลหลักสูตร)</li>\r\n</ol>', 30, 500, 'มหาวิทยาลัยธรรมศาสตร์ ท่าพระจันทร์', 1, '2019-09-30', '2019-09-30', 1, 'normal', '2019-06-06 08:05:10'),
(13, 12, 2, '<p>ห้องประชุมนิคม จันทรวิทุร ชั้น 7 อาคาอเนกประสงค์ 1 มหาวิทยาลัยธรรมศาสตร์ ท่าพระจันทร์</p>\r\n<p>สอบถามข้อมูลเพิ่มเติมได้ที่</p>\r\n<ol>\r\n<li>082-241-2212 คุณปวีณา (เจ้าหน้าที่ดูแลหลักสูตร)</li>\r\n<li>085-927-0795 คุณวิปัศยา (เจ้าหน้าที่ดูแลหลักสูตร)</li>\r\n</ol>', 30, 500, 'มหาวิทยาลัยธรรมศาสตร์ ท่าพระจันทร์', 1, '2019-10-04', '2019-10-04', 1, 'normal', '2019-06-06 08:05:10'),
(14, 12, 3, '<p>ห้องประชุมนิคม จันทรวิทุร ชั้น 7 อาคาอเนกประสงค์ 1 มหาวิทยาลัยธรรมศาสตร์ ท่าพระจันทร์</p>\r\n<p>สอบถามข้อมูลเพิ่มเติมได้ที่</p>\r\n<ol>\r\n<li>082-241-2212 คุณปวีณา (เจ้าหน้าที่ดูแลหลักสูตร)</li>\r\n<li>085-927-0795 คุณวิปัศยา (เจ้าหน้าที่ดูแลหลักสูตร)</li>\r\n</ol>', 30, 500, 'มหาวิทยาลัยธรรมศาสตร์ ท่าพระจันทร์', 1, '2019-10-06', '2019-10-06', 1, 'normal', '2019-06-06 08:05:10'),
(15, 3, 1, '', 0, 99, '99', 2, '2019-10-01', '2019-10-06', 1, 'normal', '2019-06-17 07:53:18'),
(16, 12, NULL, '<h3><strong>โครงการอบรมเพื่อขอใบอนุญาตขับขี่</strong></h3>\n\n<ul>\n	<li>ทดสอบ</li>\n	<li>ทดสอบ</li>\n	<li>ทดสอบ</li>\n</ul>\n\n<table border=\"1\" cellpadding=\"1\" cellspacing=\"1\" style=\"width:400px\">\n	<tbody>\n		<tr>\n			<td>ทดสอบ</td>\n			<td>ตาราง</td>\n		</tr>\n		<tr>\n			<td>ทดสอบ</td>\n			<td>ตาราง</td>\n		</tr>\n		<tr>\n			<td>ทดสอบ</td>\n			<td>ตาราง</td>\n		</tr>\n	</tbody>\n</table>\n\n<p>&nbsp;</p>\n', 999, NULL, '999', 1, '2019-10-01', '2019-10-01', 1, 'normal', '2019-06-17 08:45:58'),
(17, 10, 2, '', 10, NULL, '2222', 2, '2019-10-02', '2019-11-02', 1, 'normal', '2019-06-17 08:52:19'),
(18, 9, 987, '', 987, 987, '987', 2, '2019-10-09', '2019-10-07', 3, 'normal', '2019-06-17 09:08:51'),
(19, 1, 678, '', 678, 678, '678', 2, '2019-10-06', '2019-10-08', 5, 'normal', '2019-06-17 09:11:26'),
(20, 2, 404, '', 404, 404, '404', 2, '2019-10-04', '2019-11-04', 1, 'normal', '2019-06-17 09:13:20'),
(21, 3, 7, '', 7, 7, '7', 2, '2019-10-07', '2019-10-07', 1, 'normal', '2019-06-17 09:21:17'),
(22, 10, 3, '', 27, 0, '123', 2, '2019-12-01', '2019-12-01', 1, 'normal', '2019-06-17 10:14:33'),
(23, 1, 1, '<hr />\n<hr />\n<h2 style=\"font-style:italic\">Test ฝึกอบรม</h2>\n\n<p>เริ่มงาน</p>\n', 4, 4800, 'กรุงเทพฯ', 1, '2019-10-20', '2019-10-21', 8, 'normal', '2019-06-19 04:28:26'),
(24, 13, 1, '<p>1</p>\n', 1, 1, '1', 1, '2019-11-01', '2019-12-01', 1, 'normal', '2019-07-05 07:16:56'),
(25, 3, 1, '<p>1</p>\n', 1, 1, 'มหาวิทยาลัยธรรมศาสตร์ ท่าพระจันทร์', NULL, '2019-07-01', '2019-07-01', 1, 'normal', '2019-07-20 17:25:14'),
(26, 1, 1, '', 1, 0, 'มหาวิทยาลัยธรรมศาสตร์ ท่าพระจันทร์', NULL, '2562-07-01', '2562-07-02', 7, 'normal', '2019-08-19 10:06:14'),
(27, 10, 555, '<p>555</p>\n', 555, 555, '555', NULL, '2019-09-05', '2019-10-05', 7, 'normal', '2019-08-19 10:19:15');

-- --------------------------------------------------------

--
-- Table structure for table `course_asset`
--

CREATE TABLE `course_asset` (
  `id` int(11) NOT NULL,
  `course_id` int(11) NOT NULL,
  `title` varchar(200) COLLATE utf8mb4_unicode_ci DEFAULT NULL,
  `file_name` varchar(200) COLLATE utf8mb4_unicode_ci NOT NULL,
  `type` enum('image','pdf','','') COLLATE utf8mb4_unicode_ci NOT NULL,
  `created_at` timestamp NOT NULL DEFAULT CURRENT_TIMESTAMP
) ENGINE=InnoDB DEFAULT CHARSET=utf8mb4 COLLATE=utf8mb4_unicode_ci;

--
-- Dumping data for table `course_asset`
--

INSERT INTO `course_asset` (`id`, `course_id`, `title`, `file_name`, `type`, `created_at`) VALUES
(8, 10, NULL, '1562059125199-AC-2019-0081.pdf', 'pdf', '2019-07-02 09:18:45'),
(9, 10, NULL, '1562059125199-AC-2019-0071.pdf', 'pdf', '2019-07-02 09:18:45'),
(10, 5, NULL, '1562227924342-training06.jpg', 'image', '2019-07-04 08:12:04'),
(11, 5, NULL, '1562227924345-training05.jpg', 'image', '2019-07-04 08:12:04'),
(12, 5, NULL, '1562227924346-training04.png', 'image', '2019-07-04 08:12:04'),
(13, 5, NULL, '1562227924346-training03.jpg', 'image', '2019-07-04 08:12:04'),
(14, 5, NULL, '1562227924346-training02.jpg', 'image', '2019-07-04 08:12:04'),
(15, 5, NULL, '1562227924347-training01.jpg', 'image', '2019-07-04 08:12:04'),
(16, 9, NULL, '1562229178127-training06.jpg', 'image', '2019-07-04 08:32:58'),
(17, 9, NULL, '1562229178130-training05.jpg', 'image', '2019-07-04 08:32:58'),
(19, 9, NULL, '1562229178131-training03.jpg', 'image', '2019-07-04 08:32:58'),
(20, 9, NULL, '1562229178131-training02.jpg', 'image', '2019-07-04 08:32:58'),
(21, 9, NULL, '1562229178131-training01.jpg', 'image', '2019-07-04 08:32:58'),
(22, 10, NULL, '1562233482255-training06.jpg', 'image', '2019-07-04 09:44:42'),
(23, 10, NULL, '1562233482258-training05.jpg', 'image', '2019-07-04 09:44:42'),
(24, 5, NULL, '1562234073858-มคอ.5 - 517484-55.pdf', 'pdf', '2019-07-04 09:54:33'),
(26, 10, NULL, '1562293941101-training06.jpg', 'image', '2019-07-05 02:32:21'),
(27, 10, NULL, '1562293941106-training05.jpg', 'image', '2019-07-05 02:32:21'),
(29, 10, NULL, '1562293941107-training03.jpg', 'image', '2019-07-05 02:32:21'),
(30, 10, NULL, '1562293941107-training02.jpg', 'image', '2019-07-05 02:32:21'),
(31, 10, NULL, '1562293941108-training01.jpg', 'image', '2019-07-05 02:32:21'),
(36, 10, NULL, '1562293941110-AC-2019-0071.pdf', 'pdf', '2019-07-05 02:32:21'),
(37, 10, NULL, '1562293941110-AC-2019-0068.pdf', 'pdf', '2019-07-05 02:32:21'),
(38, 10, NULL, '1562293941111-AC-2019-0063.pdf', 'pdf', '2019-07-05 02:32:21'),
(39, 10, NULL, '1562293941111-AC-2019-0061.pdf', 'pdf', '2019-07-05 02:32:21'),
(40, 10, NULL, '1562293941111-AC-2019-0060.pdf', 'pdf', '2019-07-05 02:32:21'),
(41, 10, NULL, '1562293941112-AC-2019-0059.pdf', 'pdf', '2019-07-05 02:32:21'),
(42, 10, NULL, '1562293941112-receipt_2562_1_tonyod.pdf', 'pdf', '2019-07-05 02:32:21'),
(43, 10, NULL, '1562293941113-receipt_2562_1_numnahm.pdf', 'pdf', '2019-07-05 02:32:21'),
(44, 10, NULL, '1562293941113-receipt_2562_1_nooknet.pdf', 'pdf', '2019-07-05 02:32:21'),
(45, 25, NULL, '1563643514488-training03.jpg', 'image', '2019-07-20 17:25:14'),
(46, 23, NULL, '1563854196100-training01.jpg', 'image', '2019-07-23 03:56:36'),
(47, 26, NULL, '1566209174539-image_slide_02.jpg', 'image', '2019-08-19 10:06:14'),
(48, 27, NULL, '1566209955816-training01.jpg', 'image', '2019-08-19 10:19:15');

-- --------------------------------------------------------

--
-- Table structure for table `course_fee`
--

CREATE TABLE `course_fee` (
  `id` int(11) NOT NULL,
  `course_id` int(11) NOT NULL,
  `title` varchar(200) COLLATE utf8mb4_unicode_ci NOT NULL,
  `amount` int(11) DEFAULT NULL,
  `created_at` timestamp NOT NULL DEFAULT CURRENT_TIMESTAMP ON UPDATE CURRENT_TIMESTAMP
) ENGINE=InnoDB DEFAULT CHARSET=utf8mb4 COLLATE=utf8mb4_unicode_ci;

--
-- Dumping data for table `course_fee`
--

INSERT INTO `course_fee` (`id`, `course_id`, `title`, `amount`, `created_at`) VALUES
(3, 24, 'test1', 111, '2019-07-05 07:34:13'),
(4, 24, 'test2', 222, '2019-07-05 07:34:13'),
(5, 24, 'test3', 333, '2019-07-05 07:34:13'),
(75, 10, 'ราคาปกติ', 5000, '2019-07-05 16:12:12'),
(76, 10, 'Early Bird (ภายใน 10 ส.ค. 62)', 4500, '2019-07-05 16:12:12'),
(77, 10, 'บุคลากร มธ.', 4000, '2019-07-05 16:12:12'),
(78, 10, '10 แถม 1', NULL, '2019-07-05 16:12:12'),
(79, 10, '20 แถม 3', NULL, '2019-07-05 16:12:12'),
(80, 7, 'ราคาปกติ', 5000, '2019-07-17 14:00:00'),
(81, 7, 'Early Bird (ภายใน 10 ส.ค. 62)', 4500, '2019-07-17 14:00:00'),
(82, 7, 'บุคลากร มธ.', 4000, '2019-07-17 14:00:00'),
(83, 7, '10 แถม 1', NULL, '2019-07-17 14:00:00'),
(84, 7, '20 แถม 3', NULL, '2019-07-17 14:00:00'),
(85, 25, '1', 1, '2019-07-20 17:25:14'),
(87, 23, 'ราคาปกติ', 6900, '2019-07-23 04:07:33'),
(88, 4, 'ราคาปกติ', 5000, '2019-07-23 10:01:41'),
(95, 27, 'ราคาปกติ', 555, '2019-08-30 07:57:16'),
(96, 27, 'Early Bird (ภายใน 15 ก.ย. 62)', 444, '2019-08-30 07:57:16'),
(97, 27, '10 แถม 1', NULL, '2019-08-30 07:57:16');

-- --------------------------------------------------------

--
-- Table structure for table `course_master`
--

CREATE TABLE `course_master` (
  `id` int(11) NOT NULL,
  `title` varchar(500) CHARACTER SET tis620 NOT NULL,
  `category` int(11) DEFAULT NULL COMMENT 'หมวดหมู่หลักสูตร เฉพาะบริการวิชาการ',
  `service_type` enum('training','social','driving-license','') COLLATE utf8mb4_unicode_ci NOT NULL COMMENT 'training = บริการวิชาการ (ฝึกอบรม), social = บริการสังคม, driving-license = บริการอบรมใบขับขี่',
  `created_at` timestamp NOT NULL DEFAULT CURRENT_TIMESTAMP
) ENGINE=InnoDB DEFAULT CHARSET=utf8mb4 COLLATE=utf8mb4_unicode_ci;

--
-- Dumping data for table `course_master`
--

INSERT INTO `course_master` (`id`, `title`, `category`, `service_type`, `created_at`) VALUES
(1, 'กลยุทธ์การเป็นวิทยากรมืออาชีพ (TRAIN THE TRAINER)', 1, 'training', '2019-05-13 10:44:21'),
(2, 'การเขียนอีเมลภาษาอังกฤษสู่ความสำเร็จยุค THAILAND 4.0', 2, 'training', '2019-05-14 05:29:06'),
(3, 'การจัดทำแผนการพัฒนารายบุคคลเพื่อเพิ่มประสิทธิภาพในการปฏิบัติงาน', 3, 'training', '2019-05-14 07:45:04'),
(9, 'การเขียนภาษาอังกฤษ Thailand 2(Test)', 1, 'training', '2019-05-16 03:34:51'),
(10, 'การยืดเหยียดเพื่อสุนทรียการเคลื่อนไหว', NULL, 'social', '2019-05-23 10:20:35'),
(11, 'โครงการความรู้เบื้องต้นด้านกฎหมายแก่ประชาชน เรื่อง \"กฎหมายเกี่ยวกับการล่วงละเมิดทางเพศ\"', NULL, 'social', '2019-05-23 10:20:35'),
(12, 'บริการอบรมภาคทฤษฎีเพื่อขอใบอนุญาตขับขี่', NULL, 'driving-license', '2019-05-28 10:19:38');

-- --------------------------------------------------------

--
-- Table structure for table `course_registration`
--

CREATE TABLE `course_registration` (
  `id` int(11) NOT NULL,
  `form_number` varchar(20) COLLATE utf8mb4_unicode_ci DEFAULT NULL,
  `member_id` int(11) NOT NULL DEFAULT '0' COMMENT 'ID ของสมาชิกที่ login เข้าระบบและมากรอกข้อมูลสมัคร (0 = ไม่ได้ login)',
  `course_id` int(11) NOT NULL,
  `coordinator_title` varchar(50) COLLATE utf8mb4_unicode_ci DEFAULT NULL,
  `coordinator_first_name` varchar(200) COLLATE utf8mb4_unicode_ci DEFAULT NULL,
  `coordinator_last_name` varchar(200) COLLATE utf8mb4_unicode_ci DEFAULT NULL,
  `coordinator_birth_date` date DEFAULT NULL,
  `coordinator_job_position` varchar(200) COLLATE utf8mb4_unicode_ci DEFAULT NULL,
  `coordinator_organization_name` varchar(200) COLLATE utf8mb4_unicode_ci DEFAULT NULL,
  `coordinator_organization_type` int(11) DEFAULT NULL,
  `coordinator_organization_type_custom` varchar(50) COLLATE utf8mb4_unicode_ci DEFAULT NULL,
  `coordinator_phone` varchar(50) COLLATE utf8mb4_unicode_ci DEFAULT NULL,
  `coordinator_email` varchar(200) COLLATE utf8mb4_unicode_ci DEFAULT NULL,
  `receipt_name` varchar(200) COLLATE utf8mb4_unicode_ci NOT NULL,
  `receipt_address` varchar(200) COLLATE utf8mb4_unicode_ci NOT NULL,
  `receipt_sub_district` varchar(50) COLLATE utf8mb4_unicode_ci NOT NULL,
  `receipt_district` varchar(50) COLLATE utf8mb4_unicode_ci NOT NULL,
  `receipt_province` varchar(50) COLLATE utf8mb4_unicode_ci NOT NULL,
  `receipt_postal_code` varchar(10) COLLATE utf8mb4_unicode_ci NOT NULL,
  `receipt_organization_phone` varchar(50) COLLATE utf8mb4_unicode_ci NOT NULL,
  `receipt_tax_id` varchar(50) COLLATE utf8mb4_unicode_ci NOT NULL,
  `status` enum('started','approve_waiting','completed','canceled') COLLATE utf8mb4_unicode_ci NOT NULL DEFAULT 'started' COMMENT 'สถานะการลงทะเบียน',
  `created_at` timestamp NOT NULL DEFAULT CURRENT_TIMESTAMP
) ENGINE=InnoDB DEFAULT CHARSET=utf8mb4 COLLATE=utf8mb4_unicode_ci;

--
-- Dumping data for table `course_registration`
--

INSERT INTO `course_registration` (`id`, `form_number`, `member_id`, `course_id`, `coordinator_title`, `coordinator_first_name`, `coordinator_last_name`, `coordinator_birth_date`, `coordinator_job_position`, `coordinator_organization_name`, `coordinator_organization_type`, `coordinator_organization_type_custom`, `coordinator_phone`, `coordinator_email`, `receipt_name`, `receipt_address`, `receipt_sub_district`, `receipt_district`, `receipt_province`, `receipt_postal_code`, `receipt_organization_phone`, `receipt_tax_id`, `status`, `created_at`) VALUES
(6, '2019-0006', 22, 1, 'นาง', 'มานี', 'มีนา', '0000-00-00', 'พนักงานบริษัทเอกชน', '3bugs', 1, NULL, '123', 'manee@gmail.com', 'บริษัท 2fellows Network and Design จำกัด', '11/13', 'ลาดยาว', 'จตุจักร', 'กรุงเทพมหานคร', '10900', '123', '123', 'approve_waiting', '2019-05-13 08:57:54'),
(7, '2019-0007', 22, 1, 'นาง', 'มานี', 'มีนา', '0000-00-00', 'พนักงานบริษัทเอกชน', '3bugs', 1, NULL, '123', 'manee@gmail.com', 'บริษัท 2fellows Network and Design จำกัด', '11/13', 'ลาดยาว', 'จตุจักร', 'กรุงเทพมหานคร', '10900', '123', '123', 'completed', '2019-05-13 08:57:54'),
(8, '2019-0008', 22, 1, 'นาง', 'มานี', 'มีนา', '0000-00-00', 'พนักงานบริษัทเอกชน', '3bugs', 1, NULL, '123', 'manee@gmail.com', 'บริษัท 2fellows Network and Design จำกัด', '11/13', 'ลาดยาว', 'จตุจักร', 'กรุงเทพมหานคร', '10900', '123', '123', 'canceled', '2019-05-13 09:27:30'),
(9, '2019-0009', 0, 1, 'นางสาว', 'เอมอร', 'สมรศรี', '0000-00-00', 'SA', 'Co coperation', 3, NULL, '0978878889', 'Co@hotmail.com', 'บริษัท 2fellows Network and Design จำกัด', '14 ซอย 2 ถนน กาญจนวานิช', 'จอมพล', 'จตุจัก', 'กรุงเทพมหานคร', '10400', '023345334', '118893245333', 'completed', '2019-05-14 05:38:09'),
(10, '2019-0010', 0, 10, 'นางสาว', 'เอมี่', 'รีไวล์', '0000-00-00', 'ผู้กำกับ', 'ตจว', 1, NULL, '0988899997', 'Ami@hotmail.com', 'บริษัท 2fellows Network and Design จำกัด', '44ซ7ถนนพหลโยทิน', 'จตุจักร', 'จตุจักร', 'กรุงเทพ', '10900', '023345555', '123456789', 'approve_waiting', '2019-05-16 04:13:51'),
(11, '2019-0011', 22, 7, 'นาย', 'aaa', 'aaa', '0000-00-00', 'aaa', 'aaa', 1, NULL, '111', 'aaa@aaa.com', 'บริษัท 2fellows Network and Design จำกัด', '111', 'aaa', 'aaa', 'aaa', '111', '111', '111', 'started', '2019-05-16 06:49:03'),
(12, '2019-0012', 0, 10, 'นางสาว', 'เอมอร', 'สมรศรี', '0000-00-00', 'SA', 'Co coperation', 3, NULL, '0978878889', 'Co@hotmail.com', 'บริษัท 2fellows Network and Design จำกัด', '14 ซอย 2 ถนน กาญจนวานิช', 'จอมพล', 'จตุจัก', 'กรุงเทพมหานคร', '10400', '023345334', '118893245333', 'completed', '2019-05-16 09:32:54'),
(13, '2019-0013', 0, 10, 'นางสาว', 'เอมอร', 'สมรศรี', '0000-00-00', 'SA', 'Co coperation', 3, NULL, '0978878889', 'Co@hotmail.com', 'บริษัท 2fellows Network and Design จำกัด', '14 ซอย 2 ถนน กาญจนวานิช', 'จอมพล', 'จตุจัก', 'กรุงเทพมหานคร', '10400', '023345334', '118893245333', 'started', '2019-05-16 09:33:20'),
(14, '2019-0014', 0, 10, 'นางสาว', 'เอมอร', 'สมรศรี', '0000-00-00', 'SA', 'Co coperation', 3, NULL, '0978878889', 'Co@hotmail.com', 'บริษัท 2fellows Network and Design จำกัด', '14 ซอย 2 ถนน กาญจนวานิช', 'จอมพล', 'จตุจัก', 'กรุงเทพมหานคร', '10400', '023345334', '118893245333', 'approve_waiting', '2019-05-16 09:37:28'),
(15, '2019-0015', 0, 10, 'นางสาว', 'เอมอร', 'สมรศรี', '0000-00-00', 'SA', 'Co coperation', 3, NULL, '0978878889', 'Co@hotmail.com', 'บริษัท 2fellows Network and Design จำกัด', '14 ซอย 2 ถนน กาญจนวานิช', 'จอมพล', 'จตุจัก', 'กรุงเทพมหานคร', '10400', '023345334', '118893245333', 'approve_waiting', '2019-05-16 09:50:14'),
(16, '2019-0016', 99, 6, 'นาย', 'พร้อมเลิศ', 'หล่อวิจิตร', '0000-00-00', 'System Analyst', '2fellows', 3, NULL, '0850581776', 'promlert@gmail.com', 'บริษัท 2fellows Network and Design จำกัด', '11/13', 'ลาดยาว', 'จตุจักร', 'กรุงเทพมหานคร', '10900', '0123456789', '9876543210', 'started', '2019-05-16 09:55:23'),
(17, '2019-0017', 101, 10, 'นางสาว', 'เอมอร', 'สมรศรี', '0000-00-00', 'SA', 'Co coperation', 3, NULL, '0978878889', 'Co@hotmail.com', 'บริษัท 2fellows Network and Design จำกัด', '14 ซอย 2 ถนน กาญจนวานิช', 'จอมพล', 'จตุจัก', 'กรุงเทพมหานคร', '10400', '023345334', '118893245333', 'started', '2019-05-16 09:58:38'),
(18, '2019-0018', 102, 2, 'นาย', 'พร้อมเลิศ', 'หล่อวิจิตร', '0000-00-00', 'IT', '2fellows', 3, NULL, '012345678', 'promlert123@gmail.com', 'บริษัท 2fellows Network and Design จำกัด', '123/456', 'ลาดยาว', 'จตุจักร', 'กรุงเทพมหานคร', '10900', '012345689', '123', 'started', '2019-05-17 03:17:23'),
(19, '2019-0019', 102, 2, 'นาย', 'พร้อมเลิศ', 'หล่อวิจิตร', '0000-00-00', 'IT', '2fellows', 3, NULL, '012345678', 'promlert123@gmail.com', 'บริษัท 2fellows Network and Design จำกัด', 'a', 'a', 'a', 'a', '1', '1', '1', 'started', '2019-05-21 09:50:46'),
(20, '2019-0020', 102, 2, 'นาย', 'พร้อมเลิศ', 'หล่อวิจิตร', '0000-00-00', 'IT', '2fellows', 3, NULL, '012345678', 'promlert123@gmail.com', 'บริษัท 2fellows Network and Design จำกัด', 'b', 'b', 'b', 'b', '2', '2', '2', 'started', '2019-05-21 09:52:07'),
(21, '2019-0021', 102, 2, 'นาย', 'พร้อมเลิศ', 'หล่อวิจิตร', '0000-00-00', 'IT', '2fellows', 3, NULL, '012345678', 'promlert123@gmail.com', 'บริษัท 2fellows Network and Design จำกัด', 'b', 'b', 'b', 'b', '2', '2', '2', 'started', '2019-05-21 09:52:43'),
(22, '2019-0022', 102, 2, 'นาย', 'พร้อมเลิศ', 'หล่อวิจิตร', '0000-00-00', 'IT', '2fellows', 3, NULL, '012345678', 'promlert123@gmail.com', 'บริษัท 2fellows Network and Design จำกัด', 'b', 'b', 'b', 'b', '2', '2', '2', 'started', '2019-05-21 09:53:37'),
(23, '2019-0023', 102, 2, 'นาย', 'พร้อมเลิศ', 'หล่อวิจิตร', '0000-00-00', 'IT', '2fellows', 3, NULL, '012345678', 'promlert123@gmail.com', 'บริษัท 2fellows Network and Design จำกัด', 'c', 'c', 'c', 'c', '3', '3', '3', 'started', '2019-05-21 09:57:07'),
(24, '2019-0024', 102, 5, 'นาย', 'พร้อมเลิศ', 'หล่อวิจิตร', '0000-00-00', 'IT', '2fellows', 3, NULL, '012345678', 'promlert123@gmail.com', 'บริษัท 2fellows Network and Design จำกัด', 'a', 'a', 'a', 'a', '1', '1', '1', 'started', '2019-05-23 08:19:44'),
(25, '2019-0025', 99, 5, 'นาย', 'พร้อมเลิศ', 'หล่อวิจิตร', '0000-00-00', 'System Analyst', '2fellows', 9999, 'ทดสอบ', '0850581776', 'promlert@gmail.com', 'บริษัท 2fellows Network and Design จำกัด', 'ฟฟฟ', 'ฟฟฟ', 'ฟฟฟ', 'ฟฟฟ', '555', '555', '555', 'started', '2019-05-27 06:30:58'),
(26, '2019-0026', 99, 5, 'นาย', 'พร้อมเลิศ', 'หล่อวิจิตร', '0000-00-00', 'System Analyst', '2fellows', 9999, 'องค์กรลับ', '0850581776', 'promlert@gmail.com', 'บริษัท 2fellows Network and Design จำกัด', '1', '1', '1', '1', '1', '1', '1', 'started', '2019-05-27 06:34:44'),
(27, '2019-0027', 99, 9, 'นาย', 'พร้อมเลิศ', 'หล่อวิจิตร', '0000-00-00', 'System Analyst', '2fellows', 9999, 'hahaha', '0850581776', 'promlert@gmail.com', 'บริษัท 2fellows Network and Design จำกัด', '5', '5', '5', '5', '5', '5', '5', 'started', '2019-05-27 06:37:06'),
(28, '2019-0028', 99, 9, 'นาย', 'พร้อมเลิศ', 'หล่อวิจิตร', '0000-00-00', 'System Analyst', '2fellows', 9999, 'อื่นๆๆๆๆๆ', '0850581776', 'promlert@gmail.com', 'บริษัท 2fellows Network and Design จำกัด', '6', '6', '6', '6', '6', '6', '6', 'started', '2019-05-27 06:38:59'),
(29, '2019-0029', 99, 9, 'นาย', 'พร้อมเลิศ', 'หล่อวิจิตร', '0000-00-00', 'System Analyst', '2fellows', 9999, 'yyy', '0850581776', 'promlert@gmail.com', 'บริษัท 2fellows Network and Design จำกัด', '8', '8', '8', '8', '8', '8', '8', 'started', '2019-05-27 06:56:39'),
(30, '2019-0030', 99, 9, 'นาย', 'พร้อมเลิศ', 'หล่อวิจิตร', '0000-00-00', 'System Analyst', '2fellows', 9999, 'ttt', '0850581776', 'promlert@gmail.com', 'บริษัท 2fellows Network and Design จำกัด', '9', '9', '9', '9', '9', '9', '9', 'started', '2019-05-27 06:58:48'),
(31, '2019-0031', 99, 9, 'นาย', 'พร้อมเลิศ', 'หล่อวิจิตร', '0000-00-00', 'System Analyst', '2fellows', 3, NULL, '0850581776', 'promlert@gmail.com', 'บริษัท 2fellows Network and Design จำกัด', '0', '0', '0', '0', '0', '0', '0', 'started', '2019-05-27 07:03:08'),
(32, '2019-0032', 99, 9, 'นาย', 'พร้อมเลิศ', 'หล่อวิจิตร', '0000-00-00', 'System Analyst', '2fellows', 3, NULL, '0850581776', 'promlert@gmail.com', 'บริษัท 2fellows Network and Design จำกัด', '0', '0', '0', '0', '0', '0', '0', 'started', '2019-05-27 07:21:24'),
(33, '2019-0033', 99, 9, 'นาย', 'พร้อมเลิศ', 'หล่อวิจิตร', '0000-00-00', 'System Analyst', '2fellows', 1, '', '0850581776', 'promlert@gmail.com', 'บริษัท 2fellows Network and Design จำกัด', '0', '0', '0', '0', '0', '0', '0', 'started', '2019-05-27 07:23:04'),
(34, '2019-0034', 99, 9, 'นาย', 'พร้อมเลิศ', 'หล่อวิจิตร', '0000-00-00', 'System Analyst', '2fellows', 3, NULL, '0850581776', 'promlert@gmail.com', 'บริษัท 2fellows Network and Design จำกัด', '3', '3', '3', '3', '3', '3', '3', 'started', '2019-05-27 07:25:43'),
(35, '2019-0035', 0, 9, 'นาย', 'q', 'q', '0000-00-00', 'q', 'q', 1, 'q', 'q', 'q@q.com', 'บริษัท 2fellows Network and Design จำกัด', '1', '1', '1', '1', '1', '1', '1', 'started', '2019-05-27 09:17:15'),
(36, '2019-0036', 0, 9, 'นาย', '1', '1', '0000-00-00', '1', '1', 9999, '1', '1', 'a@a.com', 'บริษัท 2fellows Network and Design จำกัด', '1', '1', '1', '1', '1', '1', '1', 'started', '2019-05-27 09:19:19'),
(37, '2019-0037', 107, 9, 'นาย', 'a', 'a', '0000-00-00', 'a', 'a', 9999, 'a', 'a', 'a@a.com', 'บริษัท 2fellows Network and Design จำกัด', '2', '2', '2', '2', '2', '2', '2', 'started', '2019-05-27 09:20:57'),
(38, '2019-0038', 0, 9, 'นาง', '2', '2', '0000-00-00', '2', '2', 9999, '2', '2', 'b@b.com', 'บริษัท 2fellows Network and Design จำกัด', '2', '2', '2', '2', '2', '2', '2', 'started', '2019-05-27 09:22:17'),
(39, 'AC-2019-0039', 99, 8, 'นาย', 'พร้อมเลิศ', 'หล่อวิจิตร', '1974-11-22', 'System Analyst', '2fellows', 3, '', '0850581776', 'promlert@gmail.com', 'บริษัท 2fellows Network and Design จำกัด', '2', '2', '2', '2', '22222', '2', '2', 'started', '2019-06-04 04:15:33'),
(40, 'AC-2019-0040', 99, 8, 'นาย', 'พร้อมเลิศ', 'หล่อวิจิตร', '1974-11-21', 'System Analyst', '2fellows', 3, '', '0850581776', 'promlert@gmail.com', 'บริษัท 2fellows Network and Design จำกัด', '3', '3', '3', '3', '33333', '3', '3', 'started', '2019-06-04 04:28:08'),
(41, 'AC-2019-0041', 0, 8, 'นาง', 'ข', 'ข', '2019-06-02', 'ข', 'ข', 2, NULL, '2', 'b@b.com', 'บริษัท 2fellows Network and Design จำกัด', 'ค', 'ค', 'ค', 'ค', '33333', 'ค', 'ค', 'started', '2019-06-04 04:52:55'),
(42, 'AC-2019-0042', 0, 8, 'นาย', '1', '1', '2019-01-01', '1', '1', 1, NULL, '1', 'aaa@aaa.com', 'บริษัท 2fellows Network and Design จำกัด', '3', '3', '3', '3', '33333', '3', '3', 'started', '2019-06-04 04:55:55'),
(43, 'AC-2019-0043', 0, 5, 'นาย', '1', '1', '2019-06-01', '1', '1', 1, NULL, '1', 'a@a.com', 'บริษัท 2fellows Network and Design จำกัด', '1', '1', '1', '1', '11111', '1', '1', 'started', '2019-06-04 09:53:47'),
(44, 'AC-2019-0044', 99, 5, 'นาย', 'พร้อมเลิศ', 'หล่อวิจิตร', '1974-11-21', 'System Analyst', '2fellows', 3, '', '0850581776', 'promlert@gmail.com', 'บริษัท 2fellows Network and Design จำกัด', '5', '5', '5', '5', '55555', '5', '5', 'started', '2019-06-04 10:03:15'),
(45, 'AC-2019-0045', 99, 5, 'นาย', 'พร้อมเลิศ', 'หล่อวิจิตร', '1974-11-21', 'System Analyst', '2fellows', 3, '', '0850581776', 'promlert@gmail.com', 'บริษัท 2fellows Network and Design จำกัด', '3', '3', '3', '3', '33333', '3', '3', 'started', '2019-06-05 06:30:43'),
(46, 'AC-2019-0046', 99, 5, 'นาย', 'พร้อมเลิศ', 'หล่อวิจิตร', '1974-11-21', 'System Analyst', '2fellows', 3, '', '0850581776', 'promlert@gmail.com', 'บริษัท 2fellows Network and Design จำกัด', 'aaa', 'aaa', 'aaa', 'aaa', '11111', '111', '111', 'started', '2019-06-05 08:42:00'),
(47, 'AC-2019-0047', 99, 9, 'นาย', 'พร้อมเลิศ', 'หล่อวิจิตร', '1974-11-21', 'System Analyst', '2fellows', 3, '', '0850581776', 'promlert@gmail.com', 'บริษัท 2fellows Network and Design จำกัด', '11/13 วรวรรณ พาร์ค คอนโดมิเนียม ซ.งามวงศ์วาน 59 (วัดเทวสุนทร)', 'ลาดยาว', 'จตุจักร', 'กรุงเทพฯ', '10900', '0812345678', '9876543210', 'started', '2019-06-07 06:41:34'),
(48, 'AC-2019-0048', 99, 9, 'นาย', 'พร้อมเลิศ', 'หล่อวิจิตร', '1974-11-21', 'System Analyst', '2fellows', 3, '', '0850581776', 'promlert@gmail.com', 'บริษัท 2fellows Network and Design จำกัด', '1', '1', '1', '1', '11111', '1', '1', 'started', '2019-06-07 08:59:37'),
(49, 'AC-2019-0049', 99, 9, 'นาย', 'พร้อมเลิศ', 'หล่อวิจิตร', '1974-11-21', 'System Analyst', '2fellows', 3, '', '0850581776', 'promlert@gmail.com', 'บริษัท 2fellows Network and Design จำกัด', '555', '555', '555', '555', '55555', '555', '555', 'started', '2019-06-08 06:19:19'),
(50, 'AC-2019-0050', 99, 9, 'นาย', 'พร้อมเลิศ', 'หล่อวิจิตร', '1974-11-21', 'System Analyst', '2fellows', 3, '', '0850581776', 'promlert@gmail.com', 'บริษัท 2fellows Network and Design จำกัด', '99', '99', '99', '99', '99999', '99', '99', 'started', '2019-06-08 06:58:37'),
(51, 'AC-2019-0051', 99, 9, 'นาย', 'พร้อมเลิศ', 'หล่อวิจิตร', '1974-11-21', 'System Analyst', '2fellows', 3, '', '0850581776', 'promlert@gmail.com', 'บริษัท 2fellows Network and Design จำกัด', '777', '777', '777', '777', '77777', '777', '777', 'started', '2019-06-08 06:59:33'),
(52, 'AC-2019-0052', 99, 9, 'นาย', 'พร้อมเลิศ', 'หล่อวิจิตร', '1974-11-21', 'System Analyst', '2fellows', 3, '', '0850581776', 'promlert@gmail.com', 'บริษัท 2fellows Network and Design จำกัด', '123', '123', '123', '123', '12345', '123', '123', 'started', '2019-06-08 07:02:24'),
(53, 'AC-2019-0053', 99, 6, 'นาย', 'พร้อมเลิศ', 'หล่อวิจิตร', '1974-11-21', 'System Analyst', '2fellows', 3, '', '0850581776', 'promlert@gmail.com', 'บริษัท 2fellows Network and Design จำกัด', '111', '111', '111', '111', '11111', '111', '111', 'started', '2019-06-10 03:21:59'),
(54, 'AC-2019-0054', 99, 6, 'นาย', 'พร้อมเลิศ', 'หล่อวิจิตร', '1974-11-21', 'System Analyst', '2fellows', 3, '', '0850581776', 'promlert@gmail.com', 'บริษัท 2fellows Network and Design จำกัด', '9', '9', '9', '9', '99999', '9', '9', 'started', '2019-06-10 03:26:19'),
(55, 'AC-2019-0055', 99, 6, 'นาย', 'พร้อมเลิศ', 'หล่อวิจิตร', '1974-11-21', 'System Analyst', '2fellows', 3, '', '0850581776', 'promlert@gmail.com', 'บริษัท 2fellows Network and Design จำกัด', '9', '9', '9', '9', '99999', '9', '9', 'started', '2019-06-10 03:31:41'),
(56, 'AC-2019-0056', 99, 6, 'นาย', 'พร้อมเลิศ', 'หล่อวิจิตร', '1974-11-21', 'System Analyst', '2fellows', 3, '', '0850581776', 'promlert@gmail.com', 'บริษัท 2fellows Network and Design จำกัด', '8', '8', '8', '8', '88888', '8', '8', 'started', '2019-06-10 04:05:00'),
(57, 'AC-2019-0057', 99, 6, 'นาย', 'พร้อมเลิศ', 'หล่อวิจิตร', '1974-11-21', 'System Analyst', '2fellows', 3, '', '0850581776', 'promlert@gmail.com', 'บริษัท 2fellows Network and Design จำกัด', '6', '6', '6', '6', '66666', '6', '6', 'started', '2019-06-10 04:25:52'),
(58, 'AC-2019-0058', 99, 6, 'นาย', 'พร้อมเลิศ', 'หล่อวิจิตร', '1974-11-21', 'System Analyst', '2fellows', 3, '', '0850581776', 'promlert@gmail.com', 'บริษัท 2fellows Network and Design จำกัด', '34', '34', '34', '34', '34434', '34', '34', 'started', '2019-06-10 04:55:20'),
(59, 'AC-2019-0059', 99, 8, 'นางสาว', 'c', 'c', '2019-06-03', 'c', 'c', 3, '', 'c', 'c@c.com', 'บริษัท 2fellows Network and Design จำกัด', '987', '987', '987', '987', '98789', '987', '987', 'started', '2019-06-10 05:31:59'),
(60, 'AC-2019-0060', 99, 8, 'นาย', 'พร้อมเลิศ', 'หล่อวิจิตร', '1974-11-21', 'System Analyst', '2fellows', 3, '', '0850581776', 'promlert@gmail.com', 'บริษัท 2fellows Network and Design จำกัด', '2', '2', '2', '2', '22222', '2', '2', 'started', '2019-06-10 06:30:38'),
(61, 'AC-2019-0061', 99, 8, 'นาย', 'พร้อมเลิศ', 'หล่อวิจิตร', '1974-11-21', 'System Analyst', '2fellows', 3, '', '0850581776', 'promlert@gmail.com', 'บริษัท 2fellows Network and Design จำกัด', '0', '0', '0', '0', '11111', '0', '0', 'started', '2019-06-10 06:33:30'),
(62, 'AC-2019-0062', 99, 8, 'นาย', 'พร้อมเลิศ', 'หล่อวิจิตร', '1974-11-21', 'System Analyst', '2fellows', 3, '', '0850581776', 'promlert@gmail.com', 'บริษัท 2fellows Network and Design จำกัด', 'd', 'd', 'd', 'd', '88888', 'd', 'd', 'started', '2019-06-10 06:39:48'),
(63, 'AC-2019-0063', 99, 8, 'นาย', 'พร้อมเลิศ', 'หล่อวิจิตร', '1974-11-21', 'System Analyst', '2fellows', 3, '', '0850581776', 'promlert@gmail.com', 'บริษัท 2fellows Network and Design จำกัด', '7', '7', '7', '777', '77777', '7', '7', 'started', '2019-06-10 06:48:05'),
(64, 'AC-2019-0064', 99, 8, 'นาย', 'พร้อมเลิศ', 'หล่อวิจิตร', '1974-11-21', 'System Analyst', '2fellows', 3, '', '0850581776', 'promlert@gmail.com', 'บริษัท 2fellows Network and Design จำกัด', '999', '999', '999', '999', '99999', '999', '999', 'started', '2019-06-10 07:01:43'),
(65, 'AC-2019-0065', 99, 8, 'นาย', 'พร้อมเลิศ', 'หล่อวิจิตร', '1974-11-21', 'System Analyst', '2fellows', 3, '', '0850581776', 'promlert@gmail.com', 'บริษัท 2fellows Network and Design จำกัด', '0', '0', '0', '0', '12345', '0', '0', 'started', '2019-06-10 07:04:38'),
(66, 'AC-2019-0066', 99, 8, 'นาย', 'พร้อมเลิศ', 'หล่อวิจิตร', '1974-11-21', 'System Analyst', '2fellows', 3, '', '0850581776', 'promlert@gmail.com', 'บริษัท 2fellows Network and Design จำกัด', '1', '1', '1', '1', '11111', '1', '1', 'started', '2019-06-10 07:07:10'),
(67, 'AC-2019-0067', 99, 8, NULL, NULL, NULL, NULL, NULL, NULL, NULL, NULL, NULL, NULL, 'บริษัท 2fellows Network and Design จำกัด', '1', '1', '1', '1', '11111', '1', '1', 'started', '2019-06-10 07:42:35'),
(68, 'AC-2019-0068', 99, 8, NULL, NULL, NULL, NULL, NULL, NULL, NULL, NULL, NULL, NULL, 'บริษัท 2fellows Network and Design จำกัด', '.', '.', '.', '.', '77777', '.', '.', 'started', '2019-06-10 07:48:34'),
(69, 'AC-2019-0069', 99, 8, 'นาง', 'b', 'b', '2019-06-02', 'b', 'b', 1, '', 'b', 'b@b.com', 'บริษัท 2fellows Network and Design จำกัด', '-', '-', '-', '-', '11111', '-', '-', 'started', '2019-06-10 07:50:19'),
(70, 'AC-2019-0070', 99, 8, NULL, NULL, NULL, NULL, NULL, NULL, NULL, NULL, NULL, NULL, 'บริษัท 2fellows Network and Design จำกัด', 'i', 'i', 'i', 'i', '11111', 'i', 'i', 'started', '2019-06-10 08:12:38'),
(71, 'AC-2019-0071', 99, 5, 'นาย', 'พร้อมเลิศ', 'หล่อวิจิตร', '1974-11-21', 'System Analyst', '2fellows', 3, '', '0850581776', 'promlert@gmail.com', 'บริษัท 2fellows Network and Design จำกัด', 'a', 'a', 'a', 'a', '11111', 'a', 'a', 'started', '2019-06-12 02:42:04'),
(72, 'AC-2019-0072', 99, 9, 'นาย', 'พร้อมเลิศ', 'หล่อวิจิตร', '1974-11-21', 'System Analyst', '2fellows', 9999, 'aaa', '0850581776', 'promlert@gmail.com', 'บริษัท 2fellows Network and Design จำกัด', '1', '1', '1', '1', '11111', '1', '1', 'started', '2019-06-13 02:32:16'),
(73, 'AC-2019-0073', 99, 5, NULL, NULL, NULL, NULL, NULL, NULL, NULL, NULL, NULL, NULL, 'บริษัท 2fellows Network and Design จำกัด', '88', '88', '88', '88', '88888', '88', '88', 'started', '2019-06-13 05:06:54'),
(74, NULL, 99, 7, NULL, NULL, NULL, NULL, NULL, NULL, NULL, NULL, NULL, NULL, 'บริษัท 2fellows Network and Design จำกัด', '1', '1', '1', '1', '11111', '1', '1', 'started', '2019-06-19 04:47:00'),
(75, 'AC-2019-0075', 99, 7, NULL, NULL, NULL, NULL, NULL, NULL, NULL, NULL, NULL, NULL, 'บริษัท 2fellows Network and Design จำกัด', '1', '1', '1', '1', '11111', '1', '1', 'started', '2019-06-19 04:48:36'),
(76, 'AC-2019-0076', 110, 23, NULL, NULL, NULL, NULL, NULL, NULL, NULL, NULL, NULL, NULL, 'บริษัท 2fellows Network and Design จำกัด', '4 หมู่ 5', 'จตุจักร', 'จตุจักร', 'กรุงเทพ', '10400', '0987789988', '-', 'started', '2019-06-19 06:02:18'),
(77, 'AC-2019-0077', 111, 23, NULL, NULL, NULL, NULL, NULL, NULL, NULL, NULL, NULL, NULL, 'บริษัท 2fellows Network and Design จำกัด', '3 ถนน วิภาวดี', 'จอมพล', 'จตุจ้กร', 'กรุงเทพ', '10400', '0943345567', '112298877661323', 'started', '2019-06-19 09:58:24'),
(78, 'AC-2019-0078', 99, 7, NULL, NULL, NULL, NULL, NULL, NULL, NULL, NULL, NULL, NULL, 'บริษัท 2fellows Network and Design จำกัด', '1', '1', '1', '1', '11111', '1', '1', 'started', '2019-06-20 09:06:43'),
(79, 'AC-2019-0079', 99, 7, 'นาย', 'พร้อมเลิศ', 'หล่อวิจิตร', '1974-11-21', 'System Analyst', '2fellows', 3, '', '0850581776', 'promlert@gmail.com', 'บริษัท 2fellows Network and Design จำกัด', '5', '5', '5', '5', '55555', '5', '5', 'started', '2019-06-20 09:12:24'),
(80, 'AC-2019-0080', 99, 7, 'นาย', 'พร้อมเลิศ', 'หล่อวิจิตร', '1974-11-21', 'System Analyst', '2fellows', 3, '', '0850581776', 'promlert@gmail.com', 'บริษัท 2fellows Network and Design จำกัด', '1', '1', '1', '1', '11111', '1', '1', 'started', '2019-06-20 09:14:06'),
(81, 'AC-2019-0081', 112, 7, 'นาย', 'สมชาย', 'สบายดี', '2019-06-20', 'ส', 'ส', 1, NULL, '1', 'somchai@gmail.com', 'บริษัท 2fellows Network and Design จำกัด', '1', '1', '1', '1', '11111', '11', '1', 'started', '2019-06-20 09:18:06'),
(82, 'AC-2019-0082', 112, 4, 'นาย', 'สมชาย', 'สบายดี', '2019-06-20', 'ส', 'ส', 1, NULL, '1', 'somchai@gmail.com', 'บริษัท 2fellows Network and Design จำกัด', '1', '1', '1', '1', '11111', '11', '1', 'started', '2019-06-20 09:19:51'),
(83, 'AC-2019-0083', 112, 4, 'นาย', 'สมชาย', 'สบายดี', '2019-06-20', 'ส', 'ส', 1, NULL, '1', 'somchai@gmail.com', 'บริษัท 2fellows Network and Design จำกัด', '1', '1', '1', '1', '11111', '11', '1', 'started', '2019-06-20 09:21:37'),
(84, 'AC-2019-0084', 112, 4, NULL, NULL, NULL, NULL, NULL, NULL, NULL, NULL, NULL, NULL, 'บริษัท 2fellows Network and Design จำกัด', '1', '1', '1', '1', '11111', '11', '1', 'started', '2019-06-20 09:22:40'),
(85, 'AC-2019-0085', 112, 4, NULL, NULL, NULL, NULL, NULL, NULL, NULL, NULL, NULL, NULL, 'บริษัท 2fellows Network and Design จำกัด', '1', '1', '1', '1', '11111', '11', '1', 'started', '2019-06-20 09:23:32'),
(86, 'AC-2019-0086', 99, 2, NULL, NULL, NULL, NULL, NULL, NULL, NULL, NULL, NULL, NULL, '', '1', '1', '1', '1', '11111', '1', '1', 'started', '2019-07-17 12:59:34'),
(87, 'AC-2019-0087', 0, 5, 'Mr.', 'xxx', 'xxx', '2019-07-03', 'xxx', 'xxx', 9999, 'xxx', 'xxx', 'xxx@xxx.com', 'a', 'a', 'a', 'a', 'a', '11111', 'a', 'a', 'started', '2019-07-22 07:05:25'),
(88, 'AC-2019-0088', 99, 23, NULL, NULL, NULL, NULL, NULL, NULL, NULL, NULL, NULL, NULL, 'a', 'a', 'a', 'a', 'a', '11111', 'a', 'a', 'started', '2019-07-23 03:57:24'),
(89, 'AC-2019-0089', 99, 7, NULL, NULL, NULL, NULL, NULL, NULL, NULL, NULL, NULL, NULL, '9', '9', '9', '9', '9', '99999', '9', '9', 'started', '2019-07-23 10:00:54'),
(90, 'AC-2019-0090', 0, 5, NULL, NULL, NULL, NULL, NULL, NULL, NULL, NULL, NULL, NULL, '2fellows', '11/13', 'ลาดยาว', 'จตุจักร', 'กรุงเทพ', '10900', '0888888888', '1111111111111', 'started', '2019-08-27 15:08:48'),
(91, 'AC-2019-0091', 0, 5, NULL, NULL, NULL, NULL, NULL, NULL, NULL, NULL, NULL, NULL, 'a', 'a', 'a', 'a', 'a', '11111', 'a', 'a', 'started', '2019-08-27 15:31:39'),
(92, 'AC-2019-0092', 0, 5, 'นาย', 'b', 'b', '2019-08-27', 'b', 'b', 1, NULL, 'b', 'promlert@gmail.com', 'x', 'x', 'x', 'x', 'x', '11111', 'x', 'x', 'started', '2019-08-27 15:34:34'),
(93, 'AC-2019-0093', 113, 5, 'นาย', 'พร้อมเลิศ', 'หล่อวิจิตร', '1974-11-21', 'Programmer', '3bugs', 3, NULL, '085-058-1776', 'promlert@gmail.com', '3bugs', '11/13', 'ลาดยาว', 'จตุจักร', 'กรุงเทพมหานคร', '10900', '081-234-5678', '1234567890123', 'started', '2019-08-29 08:32:43'),
(94, 'AC-2019-0094', 113, 5, NULL, NULL, NULL, NULL, NULL, NULL, NULL, NULL, NULL, NULL, '3bugs', '11/13', 'ลาดยาว', 'จตุจักร', 'กรุงเทพมหานคร', '10900', '081-234-5678', '1234567890123', 'started', '2019-08-29 08:36:15'),
(95, 'AC-2019-0095', 113, 5, NULL, NULL, NULL, NULL, NULL, NULL, NULL, NULL, NULL, NULL, '3bugs', '11/13 วรวรรณ พาร์ค คอนโดมิเนียม', 'ลาดยาว', 'จตุจักร', 'กรุงเทพมหานคร', '10900', '081-234-5678', '1234567890123', 'started', '2019-08-29 08:42:05'),
(96, 'AC-2019-0096', 113, 2, NULL, NULL, NULL, NULL, NULL, NULL, NULL, NULL, NULL, NULL, 'a', 'a', 'a', 'a', 'a', '11111', 'a', '1111111111111', 'started', '2019-08-29 09:36:01');

-- --------------------------------------------------------

--
-- Table structure for table `course_registration_driving_license`
--

CREATE TABLE `course_registration_driving_license` (
  `id` int(11) NOT NULL,
  `form_number` varchar(20) COLLATE utf8mb4_unicode_ci NOT NULL,
  `member_id` int(11) NOT NULL COMMENT 'ID ของสมาชิกที่ login เข้าระบบและมากรอกข้อมูลสมัคร (0 = ไม่ได้ login)',
  `course_id` int(11) NOT NULL,
  `title` varchar(50) COLLATE utf8mb4_unicode_ci NOT NULL,
  `first_name` varchar(200) COLLATE utf8mb4_unicode_ci NOT NULL,
  `last_name` varchar(200) COLLATE utf8mb4_unicode_ci NOT NULL,
  `pid` varchar(20) COLLATE utf8mb4_unicode_ci NOT NULL COMMENT 'เลขประจำตัวประชาชน 13 หลัก',
  `address` varchar(200) COLLATE utf8mb4_unicode_ci NOT NULL,
  `moo` varchar(10) COLLATE utf8mb4_unicode_ci NOT NULL,
  `soi` varchar(50) COLLATE utf8mb4_unicode_ci NOT NULL,
  `road` varchar(50) COLLATE utf8mb4_unicode_ci NOT NULL,
  `sub_district` varchar(50) COLLATE utf8mb4_unicode_ci NOT NULL,
  `district` varchar(50) COLLATE utf8mb4_unicode_ci NOT NULL,
  `province` varchar(50) COLLATE utf8mb4_unicode_ci NOT NULL,
  `postal_code` varchar(10) COLLATE utf8mb4_unicode_ci DEFAULT NULL,
  `phone` varchar(50) COLLATE utf8mb4_unicode_ci NOT NULL,
  `pid_file_name` varchar(100) COLLATE utf8mb4_unicode_ci NOT NULL,
  `pid_file_name_2` varchar(100) COLLATE utf8mb4_unicode_ci DEFAULT NULL,
  `pid_file_name_3` varchar(100) COLLATE utf8mb4_unicode_ci DEFAULT NULL,
  `pid_file_name_4` varchar(100) COLLATE utf8mb4_unicode_ci DEFAULT NULL,
  `pid_file_name_5` varchar(100) COLLATE utf8mb4_unicode_ci DEFAULT NULL,
  `course_type` int(11) NOT NULL COMMENT 'ประเภทหลักสูตรอบรม เช่น 5 ชม., 2 ชม. หรือ 1 ชม. หรืออื่นๆ',
  `license_type` int(11) NOT NULL COMMENT 'ประเภทใบอนุญาตขับรถ (bit field: bit 0 = รถ, bit 1 = มอเตอร์ไซค์, bit 2 = สามล้อ)',
  `register_status` enum('start','wait-approve','complete','cancel') COLLATE utf8mb4_unicode_ci NOT NULL,
  `doc_status` int(11) NOT NULL DEFAULT '0' COMMENT 'สถานะเอกสารการสมัคร (1 = สมบูรณ์, 0 = รอตรวจสอบ)',
  `subject_1_result` int(11) DEFAULT NULL COMMENT 'ผลการอบรม วิชาที่ 1 (1 = ผ่าน, 0 = ไม่ผ่าน, NULL = ยังไม่ได้กรอกผล)',
  `subject_2_result` int(11) DEFAULT NULL COMMENT 'ผลการอบรม วิชาที่ 2',
  `subject_3_result` int(11) DEFAULT NULL COMMENT 'ผลการอบรม วิชาที่ 3',
  `subject_4_result` int(11) DEFAULT NULL COMMENT 'ผลการอบรม วิชาที่ 4',
  `paid_amount` decimal(13,2) DEFAULT NULL,
  `receipt_number` varchar(20) COLLATE utf8mb4_unicode_ci DEFAULT NULL COMMENT 'เลขใบเสร็จ, บัญชีต้องกรอกตอนสั่งพิมพ์ใบเสร็จ',
  `created_at` timestamp NOT NULL DEFAULT CURRENT_TIMESTAMP
) ENGINE=InnoDB DEFAULT CHARSET=utf8mb4 COLLATE=utf8mb4_unicode_ci;

--
-- Dumping data for table `course_registration_driving_license`
--

INSERT INTO `course_registration_driving_license` (`id`, `form_number`, `member_id`, `course_id`, `title`, `first_name`, `last_name`, `pid`, `address`, `moo`, `soi`, `road`, `sub_district`, `district`, `province`, `postal_code`, `phone`, `pid_file_name`, `pid_file_name_2`, `pid_file_name_3`, `pid_file_name_4`, `pid_file_name_5`, `course_type`, `license_type`, `register_status`, `doc_status`, `subject_1_result`, `subject_2_result`, `subject_3_result`, `subject_4_result`, `paid_amount`, `receipt_number`, `created_at`) VALUES
(1, 'DL-2019-0001', 0, 14, 'นางสาว', 'ส', 'ส', '3100600317068', 'ส', '', '', '', 'ส', 'ส', 'ส', '111', '111', '', NULL, NULL, NULL, NULL, 2, 7, 'complete', 0, 0, 0, 0, 0, '1000.00', NULL, '2019-05-30 07:42:15'),
(2, 'DL-2019-0002', 0, 14, 'นาย', '1', '1', '3100600317068', '1', '', '', '', '1', '1', '1', '1', '1', '', NULL, NULL, NULL, NULL, 1, 1, 'complete', 0, 0, 0, 0, 0, NULL, NULL, '2019-05-30 08:58:58'),
(3, 'DL-2019-0003', 0, 14, 'นาง', '2', '2', '3100600317068', '2', '', '', '', '2', '2', '2', '2', '2', '', NULL, NULL, NULL, NULL, 2, 2, 'complete', 0, 0, 0, 0, 0, NULL, '22222', '2019-05-30 09:03:41'),
(4, 'DL-2019-0004', 0, 14, 'นางสาว', '5', '5', '3100600317068', '5', '', '', '', '5', '5', '5', '5', '5', '', NULL, NULL, NULL, NULL, 3, 7, 'cancel', 0, 0, 0, 0, 0, NULL, NULL, '2019-05-30 09:54:38'),
(5, 'DL-2019-0005', 99, 13, 'นาย', 'พร้อมเลิศ', 'หล่อวิจิตร', '3100600317068', '11/13 ซ.วัดเทวสุนทร', '', '', '', 'ลาดยาว', 'จตุจักร', 'กรุงเทพฯ', '10900', '0850581776', '', NULL, NULL, NULL, NULL, 1, 1, 'start', 0, 0, 0, 0, 0, NULL, NULL, '2019-05-31 03:09:27'),
(6, 'DL-2019-0006', 0, 13, 'นาย', '1', '1', '3100600317068', '1', '', '', '', '1', '1', '1', '11111', '1', '', NULL, NULL, NULL, NULL, 1, 1, 'complete', 0, 0, 0, 0, 0, '490.00', NULL, '2019-06-15 06:01:01'),
(7, 'DL-2019-0007', 99, 14, 'นาย', 'พร้อมเลิศ', 'หล่อวิจิตร', '3100600317068', '1', '', '', '', '1', '1', '1', '11111', '0850581776', '', NULL, NULL, NULL, NULL, 1, 2, 'complete', 0, 1, 1, 1, 1, '500.00', '11111', '2019-06-16 17:20:36'),
(8, 'DL-2019-0008', 99, 14, 'นาย', 'พร้อมเลิศ', 'หล่อวิจิตร', '3100600317068', '2', '', '', '', '2', '2', '2', '22222', '0850581776', '', NULL, NULL, NULL, NULL, 1, 4, 'complete', 0, 0, 0, 0, 0, '8888.00', NULL, '2019-06-16 17:26:25'),
(9, 'DL-2019-0009', 99, 13, 'นาย', 'พร้อมเลิศ', 'หล่อวิจิตร', '3100600317068', '99999', '', '', '', '99999', '99999', '99999', '99999', '0850581776', '', NULL, NULL, NULL, NULL, 1, 7, 'start', 1, 1, 0, 1, 1, NULL, NULL, '2019-07-11 08:15:52'),
(10, 'DL-2019-0010', 99, 13, 'นาย', 'พร้อมเลิศ', 'หล่อวิจิตร', '3100600317068', '88888', '', '', '', '88888', '88888', '88888', '88888', '0850581776', '1562834704481-ทดสอบทดสอบทดสอบ.jpg', NULL, NULL, NULL, NULL, 2, 2, 'start', 1, NULL, NULL, NULL, NULL, NULL, NULL, '2019-07-11 08:45:04'),
(11, 'DL-2019-0011', 99, 13, 'นาย', 'พร้อมเลิศ123', 'หล่อวิจิตร123', '11111', '33333', '44444', '55555', '66666', '88888', '99999', '00000', '77777', '22222', '1562835268812-ทดสอบทดสอบทดสอบ.jpg', NULL, NULL, NULL, NULL, 2, 4, 'complete', 1, 1, NULL, NULL, NULL, '500.00', '987654', '2019-07-11 08:54:28'),
(12, 'DL-2019-0012', 0, 13, 'Mr.', 'จิตริณีย์', 'หล่อวิจิตร', '3100501848570', '11/13', '-', 'งามวงศ์วาน 59', 'งามวงศ์วาน', 'ลาดยาว', 'จตุจักร', 'กรุงเทพฯ', NULL, '0869991827', '1563963549448-image_slide_04.jpg', NULL, NULL, NULL, NULL, 1, 7, 'start', 0, NULL, NULL, NULL, NULL, NULL, NULL, '2019-07-24 10:19:09'),
(13, 'DL-2019-0013', 99, 13, 'นาย', 'พร้อมเลิศ', 'หล่อวิจิตร', '3100600317068', 'a', 'a', 'a', 'a', 'a', 'a', 'a', NULL, '0850581776', '1563964020405-ic_tuktuk.png', NULL, NULL, NULL, NULL, 1, 4, 'start', 0, NULL, NULL, NULL, NULL, NULL, NULL, '2019-07-24 10:27:00'),
(14, 'DL-2019-0014', 0, 13, 'ส.อ.หญิง', 'b', 'b', '3100600317068', 'b', 'b', 'b', 'b', 'b', 'b', 'b', NULL, 'b', '1563964128368-65506329_2284719714945274_1666976343444684800_n.jpg', NULL, NULL, NULL, NULL, 2, 2, 'start', 0, NULL, NULL, NULL, NULL, NULL, NULL, '2019-07-24 10:28:48'),
(15, 'DL-2019-0015', 0, 13, 'ส.อ.หญิง', '9', '9', '3100600317068', '9', '9', '9', '9', '9', '9', '9', NULL, '9', '1563964492371-image_slide_04.jpg', NULL, NULL, NULL, NULL, 1, 1, 'start', 0, NULL, NULL, NULL, NULL, NULL, NULL, '2019-07-24 10:34:52'),
(16, 'DL-2019-0016', 0, 13, 'Mr.', '7', '7', '3100600317068', '7', '7', '7', '7', '7', '7', '7', NULL, '7', '1563964618691-2787830.jpg', NULL, NULL, NULL, NULL, 1, 1, 'start', 0, NULL, NULL, NULL, NULL, NULL, NULL, '2019-07-24 10:36:58'),
(17, 'DL-2019-0017', 0, 13, 'ร.ต.หญิง', '8', '8', '3100600317068', '8', '8', '8', '8', '8', '8', '8', NULL, '8', '1563964803561-image_slide_02.jpg', NULL, NULL, NULL, NULL, 3, 4, 'start', 0, NULL, NULL, NULL, NULL, NULL, NULL, '2019-07-24 10:40:03'),
(18, 'DL-2019-0018', 0, 13, 'ส.อ.หญิง', '0', '0', '3100600317068', '0', '0', '0', '0', '0', '0', '0', NULL, '0', '1564025959173-react-node01.jpeg', NULL, NULL, NULL, NULL, 2, 2, 'start', 0, NULL, NULL, NULL, NULL, NULL, NULL, '2019-07-25 03:39:19'),
(19, 'DL-2019-0019', 0, 16, 'นาย', 'พพพ', 'หหห', '3100600317068', '11/13', '-', 'งงง', 'งงง', 'ลลล', 'จจจ', 'กกก', NULL, '0888888888', '1566896685200-react-node04.jpg', NULL, NULL, NULL, NULL, 1, 2, 'start', 0, NULL, NULL, NULL, NULL, NULL, NULL, '2019-08-27 09:04:45'),
(20, 'DL-2019-0020', 0, 16, 'นาย', 'a', 'a', '3100600317068', 'a', 'a', 'a', 'a', 'a', 'a', 'a', NULL, 'a', '1566899385256-tu.jpg', '1566899385263-android.png', '1566899385266-react-node01.jpeg', NULL, NULL, 2, 2, 'start', 0, NULL, NULL, NULL, NULL, NULL, NULL, '2019-08-27 09:49:45'),
(21, 'DL-2019-0021', 113, 14, 'Miss', 'ณัฐปภัสร์', 'หล่อวิจิตร', '3100600317068', 'a', 'a', 'a', 'a', 'a', 'a', 'a', NULL, '088-888-8888', '1567072993135-superman.jpg', NULL, NULL, NULL, NULL, 1, 2, 'start', 0, NULL, NULL, NULL, NULL, NULL, NULL, '2019-08-29 10:03:13');

-- --------------------------------------------------------

--
-- Table structure for table `course_registration_social`
--

CREATE TABLE `course_registration_social` (
  `id` int(11) NOT NULL,
  `form_number` varchar(20) COLLATE utf8mb4_unicode_ci NOT NULL,
  `member_id` int(11) NOT NULL COMMENT 'ID ของสมาชิกที่ login เข้าระบบและมากรอกข้อมูลสมัคร (0 = ไม่ได้ login)',
  `course_id` int(11) NOT NULL,
  `title` varchar(50) COLLATE utf8mb4_unicode_ci NOT NULL,
  `first_name` varchar(200) COLLATE utf8mb4_unicode_ci NOT NULL,
  `last_name` varchar(200) COLLATE utf8mb4_unicode_ci NOT NULL,
  `birth_date` date NOT NULL,
  `occupation` varchar(200) COLLATE utf8mb4_unicode_ci NOT NULL,
  `work_place` varchar(200) COLLATE utf8mb4_unicode_ci NOT NULL,
  `address` varchar(200) COLLATE utf8mb4_unicode_ci NOT NULL,
  `sub_district` varchar(50) COLLATE utf8mb4_unicode_ci NOT NULL,
  `district` varchar(50) COLLATE utf8mb4_unicode_ci NOT NULL,
  `province` varchar(50) COLLATE utf8mb4_unicode_ci NOT NULL,
  `postal_code` varchar(10) COLLATE utf8mb4_unicode_ci NOT NULL,
  `phone` varchar(50) COLLATE utf8mb4_unicode_ci NOT NULL,
  `email` varchar(200) COLLATE utf8mb4_unicode_ci NOT NULL,
  `contact_name` varchar(50) COLLATE utf8mb4_unicode_ci NOT NULL,
  `contact_phone` varchar(50) COLLATE utf8mb4_unicode_ci NOT NULL,
  `disease` varchar(50) COLLATE utf8mb4_unicode_ci NOT NULL,
  `news_source` int(11) NOT NULL COMMENT 'ทราบข่าวการอบรมจากไหน (bit field: bit 0 = เว็บ, bit 1 = อีเมล, bit 2 = โบรชัวร์, bit 3 = ออนไลน์, bit 4 = บอกต่อ)',
  `receipt_name` varchar(200) COLLATE utf8mb4_unicode_ci DEFAULT NULL,
  `receipt_address` varchar(200) COLLATE utf8mb4_unicode_ci DEFAULT NULL,
  `receipt_sub_district` varchar(50) COLLATE utf8mb4_unicode_ci DEFAULT NULL,
  `receipt_district` varchar(50) COLLATE utf8mb4_unicode_ci DEFAULT NULL,
  `receipt_province` varchar(50) COLLATE utf8mb4_unicode_ci DEFAULT NULL,
  `receipt_postal_code` varchar(10) COLLATE utf8mb4_unicode_ci DEFAULT NULL,
  `register_status` enum('start','wait-approve','complete','cancel') COLLATE utf8mb4_unicode_ci NOT NULL DEFAULT 'start',
  `paid_amount` decimal(13,2) DEFAULT NULL,
  `receipt_number` varchar(20) COLLATE utf8mb4_unicode_ci DEFAULT NULL,
  `created_at` timestamp NOT NULL DEFAULT CURRENT_TIMESTAMP
) ENGINE=InnoDB DEFAULT CHARSET=utf8mb4 COLLATE=utf8mb4_unicode_ci;

--
-- Dumping data for table `course_registration_social`
--

INSERT INTO `course_registration_social` (`id`, `form_number`, `member_id`, `course_id`, `title`, `first_name`, `last_name`, `birth_date`, `occupation`, `work_place`, `address`, `sub_district`, `district`, `province`, `postal_code`, `phone`, `email`, `contact_name`, `contact_phone`, `disease`, `news_source`, `receipt_name`, `receipt_address`, `receipt_sub_district`, `receipt_district`, `receipt_province`, `receipt_postal_code`, `register_status`, `paid_amount`, `receipt_number`, `created_at`) VALUES
(1, '2019-0001', 99, 11, 'นาย', 'พร้อมเลิศ', 'หล่อวิจิตร', '0000-00-00', 'Programmer', '3bugs', '11/13', 'ลาดยาว', 'จตุจักร', 'กรุงเทพมหานคร', '10900', '0850581776', 'promlert@gmail.com', 'ยุ้ย', '0869991827', '-', 0, NULL, NULL, NULL, NULL, NULL, NULL, 'start', NULL, NULL, '2019-05-28 08:10:36'),
(2, '2019-0002', 99, 11, 'นาย', 'พร้อมเลิศ', 'หล่อวิจิตร', '0000-00-00', 'a', 'a', 'a', 'a', 'a', 'a', 'a', '0850581776', 'promlert@gmail.com', 'a', 'a', 'a', 10, NULL, NULL, NULL, NULL, NULL, NULL, 'start', NULL, NULL, '2019-05-28 08:19:32'),
(3, '2019-0003', 0, 11, 'นาง', 'b', 'b', '0000-00-00', 'b', 'b', 'b', 'b', 'b', 'b', 'b', 'b', 'b@b.com', 'b', 'b', 'b', 17, NULL, NULL, NULL, NULL, NULL, NULL, 'start', NULL, NULL, '2019-05-28 08:24:24'),
(4, '2019-0004', 0, 11, 'นาย', 'กกก', 'กกก', '0000-00-00', 'กกก', 'กกก', 'กกก', 'กกก', 'กกก', 'กกก', 'กกก', 'กกก', 'aaa@aaa.com', 'กกก', 'กกก', 'กกก', 10, NULL, NULL, NULL, NULL, NULL, NULL, 'start', NULL, NULL, '2019-05-30 04:11:02'),
(5, 'SO-2019-0005', 99, 17, 'นาย', 'พร้อมเลิศ', 'หล่อวิจิตร', '1974-11-21', '1', '1', '1', '1', '1', '1', '11111', '0850581776', 'promlert@gmail.com', '1', '1', '1', 0, NULL, NULL, NULL, NULL, NULL, NULL, 'start', NULL, NULL, '2019-06-17 09:43:28'),
(6, 'SO-2019-0006', 99, 22, 'นาย', 'พร้อมเลิศ', 'หล่อวิจิตร', '1974-11-21', '1', '1', '1', '1', '1', '1', '11111', '0850581776', 'promlert@gmail.com', '1', '1', '1', 2, NULL, NULL, NULL, NULL, NULL, NULL, 'start', NULL, NULL, '2019-06-17 10:15:21'),
(7, 'SO-2019-0007', 0, 11, 'นาย', 'สมหมาย', 'สายเสมอ', '2003-07-10', 'SA', 'SA Company', '110', 'หนองเขม', 'หนองเขม', 'กทม', '10990', '0987786655', 'SA@gmail.com', 'อินทราม', 'จันทร์', '-', 2, NULL, NULL, NULL, NULL, NULL, NULL, 'start', NULL, NULL, '2019-07-19 10:25:32'),
(8, 'SO-2019-0008', 0, 17, 'นาย', 'a', 'a', '2019-07-01', 'a', 'a', 'a', 'a', 'a', 'a', '11111', 'a', 'a@a.com', 'a', 'a', 'a', 1, NULL, NULL, NULL, NULL, NULL, NULL, 'start', NULL, NULL, '2019-07-22 06:15:16'),
(9, 'SO-2019-0009', 0, 17, 'นาย', 'a', 'a', '2019-07-01', 'a', 'a', 'a', 'a', 'a', 'a', '11111', 'a', 'a@a.com', 'a', 'a', 'a', 1, NULL, NULL, NULL, NULL, NULL, NULL, 'start', NULL, NULL, '2019-07-22 06:16:56'),
(10, 'SO-2019-0010', 0, 17, 'นาย', 'a', 'a', '2019-07-01', 'a', 'a', 'a', 'a', 'a', 'a', '11111', 'a', 'a@a.com', 'a', 'a', 'a', 1, NULL, NULL, NULL, NULL, NULL, NULL, 'start', NULL, NULL, '2019-07-22 06:38:10'),
(11, 'SO-2019-0011', 0, 17, 'นาย', 'a', 'a', '2019-07-01', 'a', 'a', 'a', 'a', 'a', 'a', '11111', 'a', 'a@a.com', 'a', 'a', 'a', 1, NULL, NULL, NULL, NULL, NULL, NULL, 'start', NULL, NULL, '2019-07-22 06:40:45'),
(12, 'SO-2019-0012', 0, 17, 'นาย', 'a', 'a', '2019-07-01', 'a', 'a', 'a', 'a', 'a', 'a', '11111', 'a', 'a@a.com', 'a', 'a', 'a', 1, NULL, NULL, NULL, NULL, NULL, NULL, 'start', NULL, NULL, '2019-07-22 06:42:51'),
(13, 'SO-2019-0013', 0, 17, 'นาง', 'b', 'b', '2019-07-02', 'b', 'b', 'b', 'b', 'b', 'b', '22222', 'b', 'b@b.com', 'b', 'b', 'b', 2, NULL, NULL, NULL, NULL, NULL, NULL, 'start', NULL, NULL, '2019-07-22 06:46:34'),
(14, 'SO-2019-0014', 0, 17, 'นางสาว', 'c', 'c', '2019-07-03', 'c', 'c', 'c', 'c', 'c', 'c', '33333', 'c', 'c@c.com', 'c', 'c', 'c', 4, NULL, NULL, NULL, NULL, NULL, NULL, 'start', NULL, NULL, '2019-07-22 06:48:34'),
(15, 'SO-2019-0015', 0, 17, 'Mr.', 'd', 'd', '2019-07-04', 'd', 'd', 'd', 'd', 'd', 'd', '44444', 'd', 'd@d.com', 'd', 'd', 'd', 8, NULL, NULL, NULL, NULL, NULL, NULL, 'cancel', NULL, NULL, '2019-07-22 06:52:22'),
(16, 'SO-2019-0016', 99, 17, 'นาย', 'พร้อมเลิศ', 'หล่อวิจิตร', '1974-11-21', '9', '9', '9', '9', '9', '9', '99999', '0850581776', 'promlert@gmail.com', '9', '9', '9', 0, NULL, NULL, NULL, NULL, NULL, NULL, 'start', NULL, NULL, '2019-07-23 09:59:58'),
(17, 'SO-2019-0017', 0, 27, 'นาย', 'p', 'p', '2019-08-04', 'p', 'p', 'p', 'p', 'p', 'p', '11111', 'p', 'p@p.com', 'p', 'p', 'p', 1, NULL, NULL, NULL, NULL, NULL, NULL, 'start', NULL, NULL, '2019-08-20 05:07:54'),
(18, 'SO-2019-0018', 0, 27, 'นาย', 'บัลลพ', 'หล่อวิจิตร', '2010-01-07', 'นักเรียน', 'โรงเรียนสาธิตแห่งมหาวิทยาลัยเกษตรศาสตร์', '11/13', 'ลาดยาว', 'จตุจักร', 'กรุงเทพมหานคร', '10900', '0850581776', 'tonyod@gmail.com', 'พร้อมเลิศ', '0850581776', 'ภูมิแพ้', 8, NULL, NULL, NULL, NULL, NULL, NULL, 'wait-approve', NULL, NULL, '2019-08-20 08:42:40'),
(19, 'SO-2019-0019', 0, 27, 'นาง', 'จิตริณีย์', 'หล่อวิจิตร', '1972-01-12', 'เจ้าหน้าที่ตรวจสอบบัญชี', 'มหาวิทยาลัยเกษตรศาสตร์', '11/13', 'ลาดยาว', 'จตุจักร', 'กรุงเทพมหานคร', '10900', '0869991827', 'chitrinee@gmail.com', 'พร้อมเลิศ', '0850581776', '-', 1, 'จิตริณีย์ หล่อวิจิตร', '11/13', 'ลาดยาว', 'จตุจักร', 'กรุงเทพมหานคร', '10900', 'complete', '555.00', NULL, '2019-08-20 08:49:44'),
(20, 'SO-2019-0020', 0, 11, 'นาย', 'a', 'a', '2019-08-20', 'a', 'a', 'a', 'a', 'a', 'a', '11111', 'a', 'a@a.com', 'a', 'a', 'a', 1, NULL, NULL, NULL, NULL, NULL, NULL, 'start', NULL, NULL, '2019-08-20 08:58:50'),
(21, 'SO-2019-0021', 0, 27, 'นาย', 'พร้อมเลิศ', 'หล่อวิจิตร', '2019-08-20', 'Programmer', '3bugs', '11/13 วรวรรณ พาร์ค คอนโดมิเนียม ซ.งามวงศ์วาน 59', 'ลาดยาว', 'จตุจักร', 'กรุงเทพมหานคร', '10900', '0850581776', 'promlert@gmail.com', 'a', 'a', 'a', 1, 'พร้อมเลิศ หล่อวิจิตร', '11/13 วรวรรณ พาร์ค คอนโดมิเนียม ซ.งามวงศ์วาน 59', 'ลาดยาว', 'จตุจักร', 'กรุงเทพมหานคร', '10900', 'complete', '555.00', '98765', '2019-08-20 09:40:52'),
(22, 'SO-2019-0022', 0, 27, 'นาย', 'a', 'a', '2019-08-27', 'a', 'a', 'a', 'a', 'a', 'a', '11111', 'a', 'a@a.com', 'a', 'a', 'a', 4, 'a a', 'a', 'a', 'a', 'a', '11111', 'start', NULL, NULL, '2019-08-27 15:40:12'),
(23, 'SO-2019-0023', 0, 27, 'นาย', 'a', 'a', '2019-08-27', 'a', 'a', 'a', 'a', 'a', 'a', '11111', 'a', 'a@a.com', 'a', 'a', 'a', 31, 'a a', 'a', 'a', 'a', 'a', '11111', 'start', NULL, NULL, '2019-08-27 16:12:06'),
(24, 'SO-2019-0024', 0, 27, 'นาย', 'a', 'a', '2019-08-27', 'a', 'a', 'a', 'a', 'a', 'a', '11111', 'a', 'a@a.com', 'a', 'a', 'a', 4, 'a a', 'a', 'a', 'a', 'a', '11111', 'start', NULL, NULL, '2019-08-27 16:15:03'),
(25, 'SO-2019-0025', 0, 27, 'นาย', 'a', 'a', '2019-08-27', 'a', 'a', 'a', 'a', 'a', 'a', '11111', 'a', 'a@a.com', 'a', 'a', 'a', 1, 'a a', 'a', 'a', 'a', 'a', '11111', 'wait-approve', NULL, NULL, '2019-08-27 16:23:35'),
(26, 'SO-2019-0026', 0, 27, 'ว่าที่ ร.ต.หญิง', 'i', 'i', '2019-08-27', 'i', 'i', 'i', 'i', 'i', 'i', '11111', 'i', 'i@i.com', 'i', 'i', 'i', 4, 'i i', 'i', 'i', 'i', 'i', '11111', 'start', NULL, NULL, '2019-08-27 16:47:07'),
(27, 'SO-2019-0027', 0, 27, 'นาย', 'a', 'a', '2019-08-27', 'a', 'a', 'a', 'a', 'a', 'a', '11111', 'a', 'a@a.com', 'a', 'a', 'a', 1, 'a a', 'a', 'a', 'a', 'a', '11111', 'start', NULL, NULL, '2019-08-27 16:54:04'),
(28, 'SO-2019-0028', 0, 27, 'นาย', 'p', 'p', '2019-08-27', 'p', 'p', 'p', 'p', 'p', 'p', '11111', 'p', 'p@p.com', 'p', 'p', 'p', 1, 'p p', 'p', 'p', 'p', 'p', '11111', 'start', NULL, NULL, '2019-08-27 16:56:31'),
(29, 'SO-2019-0029', 0, 27, 'นาง', 'น', 'น', '2019-08-28', 'น', 'น', 'น', 'น', 'น', 'น', '11111', 'น', 'a@a.com', 'น', 'น', 'น', 1, 'น น', 'น', 'น', 'น', 'น', '11111', 'start', NULL, NULL, '2019-08-27 17:03:02'),
(30, 'SO-2019-0030', 0, 17, 'นาย', 'ก', 'ก', '2019-08-28', 'ก', 'ก', 'ก', 'ก', 'ก', 'ก', '11111', 'ก', 'a@a.com', 'ก', 'ก', 'ก', 1, NULL, NULL, NULL, NULL, NULL, NULL, 'start', NULL, NULL, '2019-08-27 17:04:36'),
(31, 'SO-2019-0031', 0, 27, 'นาย', 'a', 'a', '2019-08-28', 'a', 'a', 'a', 'a', 'a', 'a', '11111', 'a', 'a@a.com', 'a', 'a', 'a', 1, 'a a', 'a', 'a', 'a', 'a', '11111', 'start', NULL, NULL, '2019-08-27 17:20:24'),
(32, 'SO-2019-0032', 0, 27, 'นาง', 'b', 'b', '2019-08-28', 'b', 'b', 'b', 'b', 'b', 'b', '11111', 'b', 'b@b.com', 'b', 'b', 'b', 1, 'b b', 'b', 'b', 'b', 'b', '11111', 'start', NULL, NULL, '2019-08-27 17:23:48'),
(33, 'SO-2019-0033', 0, 27, 'นาย', 'kkk', 'kkk', '2019-08-28', 'kkk', 'kkk', 'kkk', 'kkk', 'kkk', 'kkk', '11111', 'kkk', 'k@k.com', 'kkk', 'kkk', 'kkk', 1, 'kkk kkk', 'kkk', 'kkk', 'kkk', 'kkk', '11111', 'start', NULL, NULL, '2019-08-27 17:28:40'),
(34, 'SO-2019-0034', 0, 27, 'นาย', 'a', 'a', '2019-08-28', 'a', 'a', 'a', 'a', 'a', 'a', '11111', 'a', 'a@a.com', 'a', 'a', 'a', 1, 'a a', 'a', 'a', 'a', 'a', '11111', 'start', NULL, NULL, '2019-08-27 17:33:19'),
(35, 'SO-2019-0035', 113, 11, 'Miss', 'ณัฐปภัสร์', 'หล่อวิจิตร', '2004-10-18', 'นักเรียน', 'สาธิต มก.', '11/13', 'ลาดยาว', 'จตุจักร', 'กรุงเทพมหานคร', '10900', '088-888-8888', 'promlert@gmail.com', 'หนึ่ง', '085-058-1776', '-', 1, NULL, NULL, NULL, NULL, NULL, NULL, 'start', NULL, NULL, '2019-08-29 09:25:01'),
(36, 'SO-2019-0036', 113, 11, 'Miss', 'พร้อมเลิศ', 'หล่อวิจิตร', '2004-10-18', 'Programmer', '3bugs', '11/13', 'ลาดยาว', 'จตุจักร', 'กรุงเทพ', '10900', '085-058-1776', 'promlert@gmail.com', 'หนึ่ง', '085-058-1776', '-', 1, NULL, NULL, NULL, NULL, NULL, NULL, 'start', NULL, NULL, '2019-08-29 09:29:01'),
(37, 'SO-2019-0037', 113, 11, 'Miss', 'ณัฐปภัสร์', 'หล่อวิจิตร', '2004-10-18', 'a', 'a', 'a', 'a', 'a', 'a', '11111', '088-888-8888', 'promlert@gmail.com', 'a', 'a', 'a', 1, NULL, NULL, NULL, NULL, NULL, NULL, 'start', NULL, NULL, '2019-08-29 09:31:56'),
(38, 'SO-2019-0038', 113, 11, 'Miss', 'ณัฐปภัสร์', 'หล่อวิจิตร', '2004-10-18', 'a', 'a', 'a', 'a', 'a', 'a', '11111', '088-888-8888', 'promlert@gmail.com', 'a', 'a', 'a', 1, NULL, NULL, NULL, NULL, NULL, NULL, 'start', NULL, NULL, '2019-08-29 09:33:34'),
(39, 'SO-2019-0039', 113, 11, 'Miss', 'ณัฐปภัสร์', 'หล่อวิจิตร', '2004-10-18', 'a', 'a', 'a', 'a', 'a', 'a', '11111', '088-888-8888', 'promlert@gmail.com', 'a', 'a', 'a', 1, NULL, NULL, NULL, NULL, NULL, NULL, 'start', NULL, NULL, '2019-08-29 09:37:46'),
(40, 'SO-2019-0040', 113, 11, 'Miss', 'ณัฐปภัสร์', 'หล่อวิจิตร', '2004-10-18', 'a', 'a', 'a', 'a', 'a', 'a', '11111', '088-888-8888', 'promlert@gmail.com', 'a', 'a', 'a', 1, NULL, NULL, NULL, NULL, NULL, NULL, 'start', NULL, NULL, '2019-08-29 09:40:16'),
(41, 'SO-2019-0041', 113, 27, 'Miss', 'ณัฐปภัสร์', 'หล่อวิจิตร', '2004-10-18', 'a', 'a', 'a', 'a', 'a', 'a', '11111', '088-888-8888', 'promlert@gmail.com', 'a', 'a', 'a', 1, 'ณัฐปภัสร์ หล่อวิจิตร', 'a', 'a', 'a', 'a', '11111', 'start', NULL, NULL, '2019-08-29 09:46:52');

-- --------------------------------------------------------

--
-- Table structure for table `course_trainee`
--

CREATE TABLE `course_trainee` (
  `id` int(11) NOT NULL,
  `course_registration_id` int(11) NOT NULL,
  `form_number` varchar(20) COLLATE utf8mb4_unicode_ci NOT NULL,
  `title` varchar(50) COLLATE utf8mb4_unicode_ci NOT NULL,
  `first_name` varchar(200) COLLATE utf8mb4_unicode_ci NOT NULL,
  `last_name` varchar(200) COLLATE utf8mb4_unicode_ci NOT NULL,
  `birth_date` date NOT NULL,
  `job_position` varchar(200) COLLATE utf8mb4_unicode_ci NOT NULL,
  `organization_name` varchar(200) COLLATE utf8mb4_unicode_ci NOT NULL,
  `organization_type` int(11) NOT NULL,
  `organization_type_custom` varchar(50) COLLATE utf8mb4_unicode_ci DEFAULT NULL,
  `phone` varchar(50) COLLATE utf8mb4_unicode_ci NOT NULL,
  `email` varchar(200) COLLATE utf8mb4_unicode_ci NOT NULL,
  `register_status` enum('start','wait-approve','complete','cancel') COLLATE utf8mb4_unicode_ci NOT NULL DEFAULT 'start' COMMENT 'สถานะการลงทะเบียน (start = ลงทะเบียน, wait-approve = แจ้งชำระเงินแล้ว รอตรวจสอบ, complete = ลงทะเบียนสมบูรณ์, cancel = ยกเลิกการลงทะเบียน)',
  `paid_amount` decimal(13,2) DEFAULT NULL,
  `receipt_number` varchar(20) COLLATE utf8mb4_unicode_ci DEFAULT NULL COMMENT 'เลขใบเสร็จ, บัญชีต้องกรอกตอนสั่งพิมพ์ใบเสร็จ',
  `created_at` timestamp NOT NULL DEFAULT CURRENT_TIMESTAMP
) ENGINE=InnoDB DEFAULT CHARSET=utf8mb4 COLLATE=utf8mb4_unicode_ci;

--
-- Dumping data for table `course_trainee`
--

INSERT INTO `course_trainee` (`id`, `course_registration_id`, `form_number`, `title`, `first_name`, `last_name`, `birth_date`, `job_position`, `organization_name`, `organization_type`, `organization_type_custom`, `phone`, `email`, `register_status`, `paid_amount`, `receipt_number`, `created_at`) VALUES
(1, 1, '', '1', 'พร้อมเลิศ', 'หล่อวิจิตร', '0000-00-00', 'Programmer', '2fellows', 3, NULL, '0850581776', 'promlert@gmail.com', 'start', NULL, NULL, '2019-05-13 08:58:27'),
(2, 2, '', '1', 'a', 'a', '0000-00-00', 'a', 'a', 1, NULL, '1', 'a@a.com', 'start', NULL, NULL, '2019-05-13 08:58:27'),
(3, 2, '', '2', 'b', 'b', '0000-00-00', 'b', 'b', 2, NULL, '2', 'b@b.com', 'start', NULL, NULL, '2019-05-13 08:58:27'),
(4, 3, '', '3', 'x', 'x', '0000-00-00', 'x', 'x', 3, NULL, '55', 'x@x.com', 'start', NULL, NULL, '2019-05-13 08:58:27'),
(5, 4, '', '1', 'a', 'a', '0000-00-00', 'a', 'a', 1, NULL, '1', 'a@a.com', 'start', NULL, NULL, '2019-05-13 08:58:27'),
(6, 6, '', 'นาง', 'มานี', 'มีนา', '0000-00-00', 'พนักงานบริษัทเอกชน', '3bugs', 1, NULL, '123', 'manee@gmail.com', 'wait-approve', NULL, NULL, '2019-05-13 08:58:27'),
(7, 7, '', 'นาง', 'มานี', 'มีนา', '0000-00-00', 'พนักงานบริษัทเอกชน', '3bugs', 1, NULL, '123', 'manee@gmail.com', 'start', NULL, NULL, '2019-05-13 08:58:27'),
(8, 8, '', 'นาง', 'มานี', 'มีนา', '0000-00-00', 'พนักงานบริษัทเอกชน', '3bugs', 1, NULL, '123', 'manee@gmail.com', 'start', NULL, NULL, '2019-05-13 09:27:30'),
(9, 9, '', 'นางสาว', 'เอมอร', 'สมรศรี', '0000-00-00', 'SA', 'Co coperation', 3, NULL, '0978878889', 'Co@hotmail.com', 'start', NULL, NULL, '2019-05-14 05:38:09'),
(10, 10, '', 'นางสาว', 'เอมี่', 'รีไวล์', '0000-00-00', 'ผู้กำกับ', 'ตจว', 1, NULL, '0988899997', 'Ami@hotmail.com', 'start', NULL, NULL, '2019-05-16 04:13:51'),
(11, 10, '', 'นาย', 'Revi', 'Kracerment', '0000-00-00', 'หัวหน้าหน่วย', 'ตชด', 3, NULL, '023345545', 'Revi@gmail.com', 'start', NULL, NULL, '2019-05-16 04:13:51'),
(12, 11, '', 'นาย', 'aaa', 'aaa', '0000-00-00', 'aaa', 'aaa', 1, NULL, '111', 'aaa@aaa.com', 'start', NULL, NULL, '2019-05-16 06:49:03'),
(13, 12, '', 'นางสาว', 'เอมอร', 'สมรศรี', '0000-00-00', 'SA', 'Co coperation', 3, NULL, '0978878889', 'Co@hotmail.com', 'wait-approve', NULL, NULL, '2019-05-16 09:32:54'),
(14, 12, '', 'นางสาว', 'kk', 'kk', '0000-00-00', 'dd', 'dd', 2, NULL, '0988899988', 'KK@gmail.com', 'start', NULL, NULL, '2019-05-16 09:32:54'),
(15, 13, '', 'นางสาว', 'เอมอร', 'สมรศรี', '0000-00-00', 'SA', 'Co coperation', 3, NULL, '0978878889', 'Co@hotmail.com', 'start', NULL, NULL, '2019-05-16 09:33:20'),
(16, 13, '', 'นางสาว', 'kk', 'kk', '0000-00-00', 'dd', 'dd', 2, NULL, '0988899988', 'KK@gmail.com', 'start', NULL, NULL, '2019-05-16 09:33:20'),
(17, 14, '', 'นางสาว', 'เอมอร', 'สมรศรี', '0000-00-00', 'SA', 'Co coperation', 3, NULL, '0978878889', 'Co@hotmail.com', 'start', NULL, NULL, '2019-05-16 09:37:28'),
(18, 14, '', 'นาย', 'Livi', 'Mac', '0000-00-00', 'หัวหน้า', 'CoCompany', 3, NULL, '0876676666', 'Co@gmail.com', 'start', NULL, NULL, '2019-05-16 09:37:28'),
(19, 15, '', 'นางสาว', 'เอมอร', 'สมรศรี', '0000-00-00', 'SA', 'Co coperation', 3, NULL, '0978878889', 'Co@hotmail.com', 'start', NULL, NULL, '2019-05-16 09:50:14'),
(20, 15, '', 'นาย', 'INY', 'NYGEL', '0000-00-00', 'SA', 'SAcompany', 3, NULL, '0988876677', 'SA@gmail.com', 'start', NULL, NULL, '2019-05-16 09:50:14'),
(21, 16, '', 'นาย', 'พร้อมเลิศ', 'หล่อวิจิตร', '0000-00-00', 'System Analyst', '2fellows', 3, NULL, '0850581776', 'promlert@gmail.com', 'start', NULL, NULL, '2019-05-16 09:55:23'),
(22, 16, '', 'นาง', 'จิตริณีย์', 'หล่อวิจิตร', '0000-00-00', 'Auditor', 'KU', 5, NULL, '0869991827', 'chirinee_l@gmail.com', 'start', NULL, NULL, '2019-05-16 09:55:23'),
(23, 17, '', 'นางสาว', 'เอมอร', 'สมรศรี', '0000-00-00', 'SA', 'Co coperation', 3, NULL, '0978878889', 'Co@hotmail.com', 'start', NULL, NULL, '2019-05-16 09:58:38'),
(24, 17, '', 'นาง', 'Eden', 'Wongwai', '0000-00-00', 'SA', 'SA', 3, NULL, '0987787765', 'SA@gmail.com', 'start', NULL, NULL, '2019-05-16 09:58:38'),
(25, 18, '', 'นาย', 'พร้อมเลิศ', 'หล่อวิจิตร', '0000-00-00', 'IT', '2fellows', 3, NULL, '012345678', 'promlert123@gmail.com', 'start', NULL, NULL, '2019-05-17 03:17:23'),
(26, 19, '', 'นาย', 'พร้อมเลิศ', 'หล่อวิจิตร', '0000-00-00', 'IT', '2fellows', 3, NULL, '012345678', 'promlert123@gmail.com', 'start', NULL, NULL, '2019-05-21 09:50:46'),
(27, 22, '2019-0022-0001', 'นาย', 'พร้อมเลิศ', 'หล่อวิจิตร', '0000-00-00', 'IT', '2fellows', 3, NULL, '012345678', 'promlert123@gmail.com', 'start', NULL, NULL, '2019-05-21 09:53:37'),
(28, 23, '2019-0023-0001', 'นาย', 'พร้อมเลิศ', 'หล่อวิจิตร', '0000-00-00', 'IT', '2fellows', 3, NULL, '012345678', 'promlert123@gmail.com', 'start', NULL, NULL, '2019-05-21 09:57:07'),
(29, 23, '2019-0023-0002', 'นาย', 'บัลลพ', 'หล่อวิจิตร', '0000-00-00', 'ทดสอบ', '3bugs', 3, NULL, '555', 'tonyod53@gmail.com', 'start', NULL, NULL, '2019-05-21 09:57:07'),
(30, 24, '2019-0024-0001', 'นาย', 'พร้อมเลิศ', 'หล่อวิจิตร', '0000-00-00', 'IT', '2fellows', 3, NULL, '012345678', 'promlert123@gmail.com', 'start', NULL, NULL, '2019-05-23 08:19:44'),
(31, 25, '2019-0025-0001', 'นาย', 'พร้อมเลิศ', 'หล่อวิจิตร', '0000-00-00', 'System Analyst', '2fellows', 9999, NULL, '0850581776', 'promlert@gmail.com', 'start', NULL, NULL, '2019-05-27 06:30:58'),
(32, 26, '2019-0026-0001', 'นาย', 'พร้อมเลิศ', 'หล่อวิจิตร', '0000-00-00', 'System Analyst', '2fellows', 9999, NULL, 'องค์กรลับ', '0850581776', 'start', NULL, NULL, '2019-05-27 06:34:44'),
(33, 28, '2019-0028-0001', 'นาย', 'พร้อมเลิศ', 'หล่อวิจิตร', '0000-00-00', 'System Analyst', '2fellows', 9999, 'อื่นๆๆๆๆๆ', '0850581776', 'promlert@gmail.com', 'start', NULL, NULL, '2019-05-27 06:38:59'),
(34, 31, '2019-0031-0001', 'นาย', 'พร้อมเลิศ', 'หล่อวิจิตร', '0000-00-00', 'System Analyst', '2fellows', 3, NULL, '0850581776', 'promlert@gmail.com', 'start', NULL, NULL, '2019-05-27 07:03:08'),
(35, 32, '2019-0032-0001', 'นาย', 'พร้อมเลิศ', 'หล่อวิจิตร', '0000-00-00', 'System Analyst', '2fellows', 3, NULL, '0850581776', 'promlert@gmail.com', 'start', NULL, NULL, '2019-05-27 07:21:24'),
(36, 33, '2019-0033-0001', 'นาย', 'พร้อมเลิศ', 'หล่อวิจิตร', '0000-00-00', 'System Analyst', '2fellows', 1, '', '0850581776', 'promlert@gmail.com', 'start', NULL, NULL, '2019-05-27 07:23:04'),
(37, 34, '2019-0034-0001', 'นาย', 'พร้อมเลิศ', 'หล่อวิจิตร', '0000-00-00', 'System Analyst', '2fellows', 3, NULL, '0850581776', 'promlert@gmail.com', 'start', NULL, NULL, '2019-05-27 07:25:43'),
(38, 35, '2019-0035-0001', 'นาย', 'q', 'q', '0000-00-00', 'q', 'q', 1, 'q', 'q', 'q@q.com', 'start', NULL, NULL, '2019-05-27 09:17:15'),
(39, 36, '2019-0036-0001', 'นาย', '1', '1', '0000-00-00', '1', '1', 9999, '1', '1', 'a@a.com', 'start', NULL, NULL, '2019-05-27 09:19:19'),
(40, 37, '2019-0037-0001', 'นาย', 'a', 'a', '0000-00-00', 'a', 'a', 9999, 'a', 'a', 'a@a.com', 'start', NULL, NULL, '2019-05-27 09:20:57'),
(41, 38, '2019-0038-0001', 'นาง', '2', '2', '0000-00-00', '2', '2', 9999, '2', '2', 'b@b.com', 'start', NULL, NULL, '2019-05-27 09:22:17'),
(42, 39, 'AC-2019-0039-0001', 'นาย', 'พร้อมเลิศ', 'หล่อวิจิตร', '1974-11-22', 'System Analyst', '2fellows', 3, '', '0850581776', 'promlert@gmail.com', 'start', NULL, NULL, '2019-06-04 04:15:33'),
(43, 40, 'AC-2019-0040-0001', 'นาย', 'พร้อมเลิศ', 'หล่อวิจิตร', '1974-11-21', 'System Analyst', '2fellows', 3, '', '0850581776', 'promlert@gmail.com', 'start', NULL, NULL, '2019-06-04 04:28:08'),
(44, 41, 'AC-2019-0041-0001', 'นาย', 'ก', 'ก', '2019-06-01', 'ก', 'ก', 1, NULL, '1', 'a@a.com', 'start', NULL, NULL, '2019-06-04 04:52:55'),
(45, 41, 'AC-2019-0041-0002', 'นาง', 'ข', 'ข', '2019-06-02', 'ข', 'ข', 2, NULL, '2', 'b@b.com', 'start', NULL, NULL, '2019-06-04 04:52:55'),
(46, 42, 'AC-2019-0042-0001', 'นาย', '1', '1', '2019-01-01', '1', '1', 1, NULL, '1', 'aaa@aaa.com', 'start', NULL, NULL, '2019-06-04 04:55:55'),
(47, 42, 'AC-2019-0042-0002', 'นาง', '2', '2', '2019-01-02', '2', '2', 2, NULL, '2', 'bbb@bbb.com', 'start', NULL, NULL, '2019-06-04 04:55:55'),
(48, 43, 'AC-2019-0043-0001', 'นาย', '1', '1', '2019-06-01', '1', '1', 1, NULL, '1', 'a@a.com', 'start', NULL, NULL, '2019-06-04 09:53:47'),
(49, 44, 'AC-2019-0044-0001', 'นาย', 'พร้อมเลิศ', 'หล่อวิจิตร', '1974-11-21', 'System Analyst', '2fellows', 3, '', '0850581776', 'promlert@gmail.com', 'start', NULL, NULL, '2019-06-04 10:03:15'),
(50, 45, 'AC-2019-0045-0001', 'นาย', 'พร้อมเลิศ', 'หล่อวิจิตร', '1974-11-21', 'System Analyst', '2fellows', 3, '', '0850581776', 'promlert@gmail.com', 'start', NULL, NULL, '2019-06-05 06:30:43'),
(51, 45, 'AC-2019-0045-0002', 'นาง', 'b', 'b', '2019-06-02', 'b', 'b', 2, NULL, 'b', 'b@b.com', 'start', NULL, NULL, '2019-06-05 06:30:43'),
(52, 46, 'AC-2019-0046-0001', 'นาย', 'พร้อมเลิศ', 'หล่อวิจิตร', '1974-11-21', 'System Analyst', '2fellows', 3, '', '0850581776', 'promlert@gmail.com', 'start', NULL, NULL, '2019-06-05 08:42:00'),
(53, 46, 'AC-2019-0046-0002', 'นาง', 'จิตริณีย์', 'หล่อวิจิตร', '1972-01-12', 'นักตรวจสอบบัญชี', 'มหาวิทยาลัยเกษตรศาสตร์', 1, NULL, '0869991827', 'chitrinee_l@gmail.com', 'start', NULL, NULL, '2019-06-05 08:42:00'),
(54, 47, 'AC-2019-0047-0001', 'นาย', 'พร้อมเลิศ', 'หล่อวิจิตร', '1974-11-21', 'System Analyst', '2fellows', 3, '', '0850581776', 'promlert@gmail.com', 'start', NULL, NULL, '2019-06-07 06:41:34'),
(55, 48, 'AC-2019-0048-0001', 'นาย', 'พร้อมเลิศ', 'หล่อวิจิตร', '1974-11-21', 'System Analyst', '2fellows', 3, '', '0850581776', 'promlert@gmail.com', 'start', NULL, NULL, '2019-06-07 08:59:38'),
(56, 49, 'AC-2019-0049-0001', 'นาย', 'พร้อมเลิศ', 'หล่อวิจิตร', '1974-11-21', 'System Analyst', '2fellows', 3, '', '0850581776', 'promlert@gmail.com', 'start', NULL, NULL, '2019-06-08 06:19:19'),
(57, 50, 'AC-2019-0050-0001', 'นาย', 'พร้อมเลิศ', 'หล่อวิจิตร', '1974-11-21', 'System Analyst', '2fellows', 3, '', '0850581776', 'promlert@gmail.com', 'start', NULL, NULL, '2019-06-08 06:58:37'),
(58, 51, 'AC-2019-0051-0001', 'นาย', 'พร้อมเลิศ', 'หล่อวิจิตร', '1974-11-21', 'System Analyst', '2fellows', 3, '', '0850581776', 'promlert@gmail.com', 'wait-approve', NULL, NULL, '2019-06-08 06:59:33'),
(59, 52, 'AC-2019-0052-0001', 'นาย', 'พร้อมเลิศ', 'หล่อวิจิตร', '1974-11-21', 'System Analyst', '2fellows', 3, '', '0850581776', 'promlert@gmail.com', 'start', NULL, NULL, '2019-06-08 07:02:24'),
(60, 53, 'AC-2019-0053-0001', 'นาย', 'พร้อมเลิศ', 'หล่อวิจิตร', '1974-11-21', 'System Analyst', '2fellows', 3, '', '0850581776', 'promlert@gmail.com', 'start', NULL, NULL, '2019-06-10 03:21:59'),
(61, 54, 'AC-2019-0054-0001', 'นาย', 'พร้อมเลิศ', 'หล่อวิจิตร', '1974-11-21', 'System Analyst', '2fellows', 3, '', '0850581776', 'promlert@gmail.com', 'start', NULL, NULL, '2019-06-10 03:26:19'),
(62, 54, 'AC-2019-0054-0002', 'นาง', 'b', 'b', '2019-06-01', 'b', 'b', 9999, 'b', 'b', 'b@b.com', 'start', NULL, NULL, '2019-06-10 03:26:19'),
(63, 55, 'AC-2019-0055-0001', 'นาย', 'พร้อมเลิศ', 'หล่อวิจิตร', '1974-11-21', 'System Analyst', '2fellows', 3, '', '0850581776', 'promlert@gmail.com', 'start', NULL, NULL, '2019-06-10 03:31:41'),
(64, 55, 'AC-2019-0055-0002', 'นาง', 'b', 'b', '2019-06-01', 'b', 'b', 9999, 'b', 'b', 'b@b.com', 'start', NULL, NULL, '2019-06-10 03:31:41'),
(65, 56, 'AC-2019-0056-0001', 'นาย', 'พร้อมเลิศ', 'หล่อวิจิตร', '1974-11-21', 'System Analyst', '2fellows', 3, '', '0850581776', 'promlert@gmail.com', 'start', NULL, NULL, '2019-06-10 04:05:00'),
(66, 57, 'AC-2019-0057-0001', 'นาย', 'พร้อมเลิศ', 'หล่อวิจิตร', '1974-11-21', 'System Analyst', '2fellows', 3, '', '0850581776', 'promlert@gmail.com', 'start', NULL, NULL, '2019-06-10 04:25:52'),
(67, 58, 'AC-2019-0058-0001', 'นาย', 'พร้อมเลิศ', 'หล่อวิจิตร', '1974-11-21', 'System Analyst', '2fellows', 3, '', '0850581776', 'promlert@gmail.com', 'complete', '111.00', '111', '2019-06-10 04:55:20'),
(68, 59, 'AC-2019-0059-0001', 'นาย', 'พร้อมเลิศ', 'หล่อวิจิตร', '1974-11-21', 'System Analyst', '2fellows', 3, '', '0850581776', 'promlert@gmail.com', 'start', NULL, NULL, '2019-06-10 05:31:59'),
(69, 59, 'AC-2019-0059-0002', 'นาง', 'b', 'b', '2019-06-02', 'b', 'b', 2, NULL, 'b', 'b@b.com', 'start', NULL, NULL, '2019-06-10 05:31:59'),
(70, 59, 'AC-2019-0059-0003', 'นางสาว', 'c', 'c', '2019-06-03', 'c', 'c', 3, NULL, 'c', 'c@c.com', 'cancel', NULL, NULL, '2019-06-14 05:44:43'),
(71, 60, 'AC-2019-0060-0001', 'นาย', 'พร้อมเลิศ', 'หล่อวิจิตร', '1974-11-21', 'System Analyst', '2fellows', 3, '', '0850581776', 'promlert@gmail.com', 'start', NULL, NULL, '2019-06-10 06:30:38'),
(72, 61, 'AC-2019-0061-0001', 'นาย', 'พร้อมเลิศ', 'หล่อวิจิตร', '1974-11-21', 'System Analyst', '2fellows', 3, '', '0850581776', 'promlert@gmail.com', 'start', NULL, NULL, '2019-06-10 06:33:30'),
(73, 62, 'AC-2019-0062-0001', 'นาย', 'พร้อมเลิศ', 'หล่อวิจิตร', '1974-11-21', 'System Analyst', '2fellows', 3, '', '0850581776', 'promlert@gmail.com', 'start', NULL, NULL, '2019-06-10 06:39:48'),
(74, 62, 'AC-2019-0062-0002', 'นาง', 'จิตริณีย์', 'หล่อวิจิตร', '1972-01-12', 'Auditor', 'KU', 1, NULL, '0869991827', 'chitrinee_l@gmail.com', 'complete', '555.00', NULL, '2019-06-10 06:39:48'),
(75, 63, 'AC-2019-0063-0001', 'นาย', 'พร้อมเลิศ', 'หล่อวิจิตร', '1974-11-21', 'System Analyst', '2fellows', 3, '', '0850581776', 'promlert@gmail.com', 'start', NULL, NULL, '2019-06-10 06:48:05'),
(76, 64, 'AC-2019-0064-0001', 'นาย', 'พร้อมเลิศ', 'หล่อวิจิตร', '1974-11-21', 'System Analyst', '2fellows', 3, '', '0850581776', 'promlert@gmail.com', 'start', NULL, NULL, '2019-06-10 07:01:43'),
(77, 65, 'AC-2019-0065-0001', 'นาย', 'พร้อมเลิศ', 'หล่อวิจิตร', '1974-11-21', 'System Analyst', '2fellows', 3, '', '0850581776', 'promlert@gmail.com', 'start', NULL, NULL, '2019-06-10 07:04:38'),
(78, 66, 'AC-2019-0066-0001', 'นาย', 'พร้อมเลิศ', 'หล่อวิจิตร', '1974-11-21', 'System Analyst', '2fellows', 3, '', '0850581776', 'promlert@gmail.com', 'complete', NULL, NULL, '2019-06-10 07:07:10'),
(79, 67, 'AC-2019-0067-0001', 'นาย', 'พร้อมเลิศ', 'หล่อวิจิตร', '1974-11-21', 'System Analyst', '2fellows', 3, '', '0850581776', 'promlert@gmail.com', 'wait-approve', NULL, NULL, '2019-06-10 07:42:35'),
(80, 68, 'AC-2019-0068-0001', 'นาย', 'พร้อมเลิศ', 'หล่อวิจิตร', '1974-11-21', 'System Analyst', '2fellows', 3, '', '0850581776', 'promlert@gmail.com', 'wait-approve', NULL, NULL, '2019-06-10 07:48:34'),
(81, 69, 'AC-2019-0069-0001', 'นาย', 'พร้อมเลิศ', 'หล่อวิจิตร', '1974-11-21', 'System Analyst', '2fellows', 3, '', '0850581776', 'promlert@gmail.com', 'wait-approve', NULL, NULL, '2019-06-10 07:50:19'),
(82, 69, 'AC-2019-0069-0002', 'นาง', 'b', 'b', '2019-06-02', 'b', 'b', 9999, 'bbb', 'b', 'b@b.com', 'complete', '88888.00', NULL, '2019-06-10 07:50:19'),
(83, 70, 'AC-2019-0070-0001', 'นาย', 'พร้อมเลิศ', 'หล่อวิจิตร', '1974-11-21', 'System Analyst', '2fellows', 3, '', '0850581776', 'promlert@gmail.com', 'complete', '8888.00', '322', '2019-06-10 08:12:38'),
(84, 71, 'AC-2019-0071-0001', 'นาย', 'พร้อมเลิศ', 'หล่อวิจิตร', '1974-11-21', 'System Analyst', '2fellows', 3, '', '0850581776', 'promlert@gmail.com', 'start', NULL, NULL, '2019-06-12 02:42:04'),
(85, 71, 'AC-2019-0071-0002', 'นาง', 'b', 'b', '2019-06-01', 'b', 'b', 9999, 'xxxx', '222', 'b@b.com', 'complete', '987.00', NULL, '2019-06-12 02:42:04'),
(86, 72, 'AC-2019-0072-0001', 'นาย', 'พร้อมเลิศ', 'หล่อวิจิตร', '1974-11-21', 'System Analyst', '2fellows', 9999, 'aaa', '0850581776', 'promlert@gmail.com', 'complete', NULL, NULL, '2019-06-13 08:18:52'),
(87, 72, 'AC-2019-0072-0002', 'นาง', 'b', 'b', '2019-06-01', 'b', 'b', 2, NULL, 'b', 'b@b.com', 'complete', NULL, NULL, '2019-06-13 10:40:40'),
(88, 73, 'AC-2019-0073-0001', 'นาย', 'พร้อมเลิศ', 'หล่อวิจิตร', '1974-11-21', 'System Analyst', '2fellows', 3, '', '0850581776', 'promlert@gmail.com', 'complete', NULL, NULL, '2019-06-13 16:31:43'),
(89, 75, 'AC-2019-0075-0001', 'นาย', 'พร้อมเลิศ', 'หล่อวิจิตร', '1974-11-21', 'System Analyst', '2fellows', 3, '', '0850581776', 'promlert@gmail.com', 'start', NULL, NULL, '2019-06-19 04:48:36'),
(90, 76, 'AC-2019-0076-0001', 'นาย', 'เมษา', 'อัครสกุล', '2001-04-19', 'CEO', 'Predis', 9999, 'สถานบันเทิง', '0876656677', 'Mesa@gmail.com', 'complete', '500.00', NULL, '2019-06-19 06:02:18'),
(91, 77, 'AC-2019-0077-0001', 'นางสาว', 'จันทร์เจ้า', 'อัครสกุล', '1996-05-26', 'CIO', 'Predis', 9999, 'สถานบันเทิง', '0865543377', 'Janjao@gmail.com', 'complete', '9000.00', NULL, '2019-06-19 09:58:24'),
(92, 78, 'AC-2019-0078-0001', 'นาย', 'พร้อมเลิศ', 'หล่อวิจิตร', '1974-11-21', 'System Analyst', '2fellows', 3, '', '0850581776', 'promlert@gmail.com', 'start', NULL, NULL, '2019-06-20 09:06:43'),
(93, 79, 'AC-2019-0079-0001', 'นาย', 'พร้อมเลิศ', 'หล่อวิจิตร', '1974-11-21', 'System Analyst', '2fellows', 3, '', '0850581776', 'promlert@gmail.com', 'start', NULL, NULL, '2019-06-20 09:12:24'),
(94, 79, 'AC-2019-0079-0002', 'นาง', '2', '2', '2019-06-01', '2', '2', 2, NULL, '2', 'b@b.com', 'start', NULL, NULL, '2019-06-20 09:12:24'),
(95, 80, 'AC-2019-0080-0001', 'นาย', 'พร้อมเลิศ', 'หล่อวิจิตร', '1974-11-21', 'System Analyst', '2fellows', 3, '', '0850581776', 'promlert@gmail.com', 'start', NULL, NULL, '2019-06-20 09:14:06'),
(96, 80, 'AC-2019-0080-0002', 'นาย', 'a', 'a', '2019-06-20', 'a', 'a', 1, NULL, '2', 'a@a.com', 'start', NULL, NULL, '2019-06-20 09:14:06'),
(97, 85, 'AC-2019-0085-0001', 'นาย', 'สมชาย', 'สบายดี', '2019-06-20', 'ส', 'ส', 1, NULL, '1', 'somchai@gmail.com', 'complete', '2590.00', '123456', '2019-06-20 09:23:32'),
(98, 86, 'AC-2019-0086-0001', 'นาย', 'พร้อมเลิศ', 'หล่อวิจิตร', '1974-11-21', 'System Analyst', '2fellows', 3, '', '0850581776', 'promlert@gmail.com', 'start', NULL, NULL, '2019-07-17 12:59:34'),
(99, 87, 'AC-2019-0087-0001', 'นาย', 'a', 'a', '2019-07-01', 'a', 'a', 1, NULL, 'a', 'a@a.com', 'start', NULL, NULL, '2019-07-22 07:05:25'),
(100, 87, 'AC-2019-0087-0002', 'นาง', 'b', 'b', '2019-07-02', 'b', 'b', 2, NULL, 'b', 'b@b.com', 'start', NULL, NULL, '2019-07-22 07:05:25'),
(101, 88, 'AC-2019-0088-0001', 'นาย', 'พร้อมเลิศ', 'หล่อวิจิตร', '1974-11-21', 'System Analyst', '2fellows', 3, '', '0850581776', 'promlert@gmail.com', 'start', NULL, NULL, '2019-07-23 03:57:24'),
(102, 89, 'AC-2019-0089-0001', 'นาย', 'พร้อมเลิศ', 'หล่อวิจิตร', '1974-11-21', 'System Analyst', '2fellows', 3, '', '0850581776', 'promlert@gmail.com', 'start', NULL, NULL, '2019-07-23 10:00:54'),
(103, 90, 'AC-2019-0090-0001', 'นาย', 'พร้อมเลิศ', 'หล่อวิจิตร', '1974-11-21', 'System Analyst', '2fellows', 3, NULL, '0850581776', 'promlert@gmail.com', 'start', NULL, NULL, '2019-08-27 15:08:48'),
(104, 91, 'AC-2019-0091-0001', 'นาย', 'a', 'a', '2019-08-27', 'a', 'a', 1, NULL, 'a', 'a@a.com', 'start', NULL, NULL, '2019-08-27 15:31:39'),
(105, 92, 'AC-2019-0092-0001', 'นาย', 'b', 'b', '2019-08-27', 'b', 'b', 1, NULL, 'b', 'b@b.com', 'start', NULL, NULL, '2019-08-27 15:34:34'),
(106, 92, 'AC-2019-0092-0002', 'นาง', 'c', 'c', '2019-08-27', 'c', 'c', 2, NULL, 'c', 'c@c.com', 'start', NULL, NULL, '2019-08-27 15:34:34'),
(107, 93, 'AC-2019-0093-0001', 'Miss', 'ณัฐปภัสร์', 'หล่อวิจิตร', '2004-10-18', 'นักเรียน', 'โรงเรียนสาธิตแห่งมหาวิทยาลัยเกษตรศาสตร์', 1, NULL, '088-888-8888', 'nooknet2004@gmail.com', 'start', NULL, NULL, '2019-08-29 08:32:43'),
(108, 93, 'AC-2019-0093-0002', 'Mr.', 'บัลลพ', 'หล่อวิจิตร', '2010-01-07', 'นักเล่นเกม', '3bugs', 3, NULL, '099-999-9999', 'tonyod@gmail.com', 'start', NULL, NULL, '2019-08-29 08:32:43'),
(109, 94, 'AC-2019-0094-0001', 'นาย', 'พร้อมเลิศ', 'หล่อวิจิตร', '1974-11-21', 'Programmer', '3bugs', 3, NULL, '085-058-1776', 'promlert@gmail.com', 'start', NULL, NULL, '2019-08-29 08:36:15'),
(110, 95, 'AC-2019-0095-0001', 'นาย', 'พร้อมเลิศ', 'หล่อวิจิตร', '1974-11-21', 'Programmer', '3bugs', 3, NULL, '085-058-1776', 'promlert@gmail.com', 'start', NULL, NULL, '2019-08-29 08:42:05'),
(111, 96, 'AC-2019-0096-0001', 'Miss', 'ณัฐปภัสร์', 'หล่อวิจิตร', '2004-10-18', 'นักเรียน', 'โรงเรียนสาธิตแห่งมหาวิทยาลัยเกษตรศาสตร์', 1, NULL, '088-888-8888', 'promlert@gmail.com', 'start', NULL, NULL, '2019-08-29 09:36:01');

-- --------------------------------------------------------

--
-- Table structure for table `documents_download`
--

CREATE TABLE `documents_download` (
  `id` int(11) NOT NULL,
  `title` varchar(150) COLLATE utf8mb4_unicode_ci DEFAULT NULL,
  `status` enum('draft','publish') COLLATE utf8mb4_unicode_ci DEFAULT NULL,
  `created_at` timestamp NULL DEFAULT NULL ON UPDATE CURRENT_TIMESTAMP,
  `updated_at` timestamp NULL DEFAULT NULL ON UPDATE CURRENT_TIMESTAMP,
  `created_by` int(10) DEFAULT NULL,
  `updated_by` int(10) DEFAULT NULL,
  `document_type` enum('qa_quality_assurance','pamphlet/infographic','km','performance_report','research_and_academic','training_documents') COLLATE utf8mb4_unicode_ci DEFAULT NULL,
  `file_name` varchar(150) COLLATE utf8mb4_unicode_ci DEFAULT NULL,
  `file_type` varchar(50) COLLATE utf8mb4_unicode_ci DEFAULT NULL,
  `file_path` varchar(255) COLLATE utf8mb4_unicode_ci DEFAULT NULL,
  `article_id` int(11) DEFAULT NULL,
  `hit` int(11) DEFAULT '0',
  `download` int(11) DEFAULT '0',
  `short_description` text COLLATE utf8mb4_unicode_ci
) ENGINE=InnoDB DEFAULT CHARSET=utf8mb4 COLLATE=utf8mb4_unicode_ci;

--
-- Dumping data for table `documents_download`
--

INSERT INTO `documents_download` (`id`, `title`, `status`, `created_at`, `updated_at`, `created_by`, `updated_by`, `document_type`, `file_name`, `file_type`, `file_path`, `article_id`, `hit`, `download`, `short_description`) VALUES
(1, 'ใบสมัครฝึกอบรม', 'publish', '2019-07-19 05:17:59', '2019-07-19 05:17:59', 6, NULL, 'training_documents', '19-6-2019-12-17-49.pdf', 'application/pdf', '/static/media/19-6-2019-12-17-49.pdf', NULL, 0, 0, 'ใบสมัครฝึกอบรม'),
(2, 'ใบสมัครอบรม / สัมมนา (ส่วนภูมิภาค)', 'publish', '2019-07-19 05:28:03', '2019-07-19 05:28:03', 6, NULL, 'training_documents', '19-6-2019-12-27-803.pdf', 'application/pdf', '/static/media/19-6-2019-12-27-803.pdf', NULL, 0, 0, 'ใบสมัครอบรม / สัมมนา (ส่วนภูมิภาค)'),
(3, 'ใบตอบรับการเข้าร่วมงานวันนิคม จันทรวิทุร ', 'publish', '2019-07-19 05:28:33', '2019-07-19 05:28:33', 6, NULL, 'training_documents', '19-6-2019-12-28-332.pdf', 'application/pdf', '/static/media/19-6-2019-12-28-332.pdf', NULL, 0, 0, 'ใบตอบรับการเข้าร่วมงานวันนิคม จันทรวิทุร ครั้งที่ 16 ประจำปี 2561'),
(4, 'รายงานประจำปี 2561', 'publish', '2019-07-19 05:37:40', '2019-07-19 05:37:40', 6, NULL, 'performance_report', '19-6-2019-12-37-847.pdf', 'application/pdf', '/static/media/19-6-2019-12-37-847.pdf', NULL, 0, 0, 'รายงานประจำปี 2561'),
(5, 'รายงานประจำปี 2560', 'publish', '2019-07-19 05:41:35', '2019-07-19 05:41:35', 6, NULL, 'performance_report', '19-6-2019-12-41-827.pdf', 'application/pdf', '/static/media/19-6-2019-12-41-827.pdf', NULL, 0, 0, 'รายงานประจำปี 2560'),
(6, 'จุลสารสถาบันเสริมศึกษาและทรัพยากรมนุษย์', 'publish', '2019-07-19 05:45:39', '2019-07-19 05:45:39', 6, NULL, 'pamphlet/infographic', '19-6-2019-12-45-694.pdf', 'application/pdf', '/static/media/19-6-2019-12-45-694.pdf', NULL, 0, 0, 'จุลสารสถาบันเสริมศึกษาและทรัพยากรมนุษย์ (ฉบับปฐมฤกษ์) ประจำเดือน เมษายน - มิถุยายน 2562'),
(7, 'เอกสารประชาสัมพันธ์', 'publish', '2019-07-19 05:46:44', '2019-07-19 05:46:44', 6, NULL, 'pamphlet/infographic', '19-6-2019-12-46-214.pdf', 'application/pdf', '/static/media/19-6-2019-12-46-214.pdf', NULL, 0, 0, 'Lorem ipsum dolor sit amet, consecteur adipiscing elit.'),
(8, NULL, 'publish', '2019-07-19 00:53:04', '2019-07-19 00:53:04', 6, NULL, NULL, '19-6-2019-12-52-791.pdf', 'application/pdf', '/static/media/19-6-2019-12-52-791.pdf', 2, 0, 0, NULL),
(9, NULL, 'publish', '2019-07-19 01:06:32', '2019-07-19 01:06:32', 6, NULL, NULL, '19-6-2019-13-6-481.pdf', 'application/pdf', '/static/media/19-6-2019-13-6-481.pdf', 3, 0, 0, NULL),
(10, NULL, 'publish', '2019-07-19 01:08:43', '2019-07-19 01:08:43', 6, NULL, NULL, '19-6-2019-13-8-261.pdf', 'application/pdf', '/static/media/19-6-2019-13-8-261.pdf', 4, 0, 0, NULL),
(11, NULL, 'publish', '2019-07-19 01:58:41', '2019-07-19 01:58:41', 6, NULL, NULL, '19-6-2019-13-58-597.pdf', 'application/pdf', '/static/media/19-6-2019-13-58-597.pdf', 6, 0, 0, NULL),
(14, 'KM_Test', 'publish', '2019-07-19 10:35:37', '2019-07-19 10:35:37', 6, 6, 'km', '19-6-2019-14-53-21.pdf', 'application/pdf', '/static/media/19-6-2019-14-53-21.pdf', NULL, 0, 0, 'KM_TestKM_TestKM_TestKM_TestKM_Test'),
(15, 'Test_QA', 'publish', '2019-07-19 07:54:33', '2019-07-19 07:54:33', 6, NULL, 'qa_quality_assurance', '19-6-2019-14-54-255.pdf', 'application/pdf', '/static/media/19-6-2019-14-54-255.pdf', NULL, 0, 0, 'Test_QA\r\nTest_QATest_QATest_QATest_QATest_QA'),
(16, 'Test KMM', 'publish', '2019-07-19 14:33:15', '2019-07-19 14:33:15', 6, NULL, 'km', NULL, NULL, '/static/media/19-6-2019-14-53-21.pdf', NULL, 0, 0, 'Test KMMTest KMMTest KMMTest KMM'),
(17, 'Test', 'publish', '2019-07-19 14:33:18', '2019-07-19 14:33:18', 6, NULL, 'km', NULL, NULL, '/static/media/19-6-2019-14-53-21.pdf', NULL, 0, 0, 'TestTestTestTest');

-- --------------------------------------------------------

--
-- Table structure for table `document_download`
--

CREATE TABLE `document_download` (
  `id` int(11) NOT NULL,
  `title` varchar(150) COLLATE utf8mb4_unicode_ci DEFAULT NULL,
  `status` enum('draft','publish') COLLATE utf8mb4_unicode_ci DEFAULT 'publish',
  `created_at` timestamp NULL DEFAULT CURRENT_TIMESTAMP,
  `updated_at` timestamp NULL DEFAULT NULL ON UPDATE CURRENT_TIMESTAMP,
  `created_by` int(10) DEFAULT NULL,
  `updated_by` int(10) DEFAULT NULL,
  `document_type` enum('qa','booklet','km','report','research_and_academic','training') COLLATE utf8mb4_unicode_ci DEFAULT NULL,
  `file_name` varchar(200) COLLATE utf8mb4_unicode_ci NOT NULL,
  `image_file_name` varchar(200) COLLATE utf8mb4_unicode_ci NOT NULL,
  `file_type` varchar(50) COLLATE utf8mb4_unicode_ci DEFAULT NULL,
  `file_path` varchar(255) COLLATE utf8mb4_unicode_ci DEFAULT NULL,
  `article_id` int(11) DEFAULT NULL,
  `hit` int(11) DEFAULT '0',
  `download` int(11) DEFAULT '0',
  `short_description` text COLLATE utf8mb4_unicode_ci
) ENGINE=InnoDB DEFAULT CHARSET=utf8mb4 COLLATE=utf8mb4_unicode_ci;

--
-- Dumping data for table `document_download`
--

INSERT INTO `document_download` (`id`, `title`, `status`, `created_at`, `updated_at`, `created_by`, `updated_by`, `document_type`, `file_name`, `image_file_name`, `file_type`, `file_path`, `article_id`, `hit`, `download`, `short_description`) VALUES
(1, 'ใบสมัครฝึกอบรม', 'publish', '2019-07-19 05:17:59', '2019-07-19 05:17:59', 6, NULL, 'training', '19-6-2019-12-17-49.pdf', '', 'application/pdf', '/static/media/19-6-2019-12-17-49.pdf', NULL, 0, 0, 'ใบสมัครฝึกอบรม'),
(2, 'ใบสมัครอบรม / สัมมนา (ส่วนภูมิภาค)', 'publish', '2019-07-19 05:28:03', '2019-07-19 05:28:03', 6, NULL, 'training', '19-6-2019-12-27-803.pdf', '', 'application/pdf', '/static/media/19-6-2019-12-27-803.pdf', NULL, 0, 0, 'ใบสมัครอบรม / สัมมนา (ส่วนภูมิภาค)'),
(3, 'ใบตอบรับการเข้าร่วมงานวันนิคม จันทรวิทุร ', 'publish', '2019-07-19 05:28:33', '2019-07-19 05:28:33', 6, NULL, 'training', '19-6-2019-12-28-332.pdf', '', 'application/pdf', '/static/media/19-6-2019-12-28-332.pdf', NULL, 0, 0, 'ใบตอบรับการเข้าร่วมงานวันนิคม จันทรวิทุร ครั้งที่ 16 ประจำปี 2561'),
(4, 'รายงานประจำปี 2561', 'publish', '2019-07-19 05:37:40', '2019-07-19 05:37:40', 6, NULL, 'report', '19-6-2019-12-37-847.pdf', '', 'application/pdf', '/static/media/19-6-2019-12-37-847.pdf', NULL, 0, 0, 'รายงานประจำปี 2561'),
(5, 'รายงานประจำปี 2560', 'publish', '2019-07-19 05:41:35', '2019-07-20 04:00:02', 6, NULL, 'report', '1563594972853-ใบสมัครของนักกีฬา (อ.ฐาปนา).pdf', '', 'application/pdf', '/static/media/19-6-2019-12-41-827.pdf', NULL, 0, 0, 'รายงานประจำปี 2560 รายงานประจำปี 2560 รายงานประจำปี 2560 รายงานประจำปี 2560'),
(6, 'จุลสารสถาบันเสริมศึกษาและทรัพยากรมนุษย์', 'publish', '2019-07-19 05:45:39', '2019-07-20 06:00:01', 6, NULL, 'booklet', '1563602401271-มคอ.5 - 517484-55.pdf', '1563602401271-training01.jpg', 'application/pdf', '/static/media/19-6-2019-12-45-694.pdf', NULL, 0, 0, 'จุลสารสถาบันเสริมศึกษาและทรัพยากรมนุษย์ (ฉบับปฐมฤกษ์) ประจำเดือน เมษายน - มิถุยายน 2562'),
(7, 'เอกสารประชาสัมพันธ์', 'publish', '2019-07-19 05:46:44', '2019-07-20 06:46:01', 6, NULL, 'booklet', '1563602361532-หนังสือเชิญ อ.พร้อมเลิศ.pdf', '1563602361532-training05.jpg', 'application/pdf', '/static/media/19-6-2019-12-46-214.pdf', NULL, 0, 2, 'Lorem ipsum dolor sit amet, consecteur adipiscing elit.'),
(8, 'KM_Test', 'publish', '2019-07-19 10:35:37', '2019-07-20 06:36:44', 6, 6, 'km', '1563602653665-ใบสมัครของนักกีฬา (อ.ฐาปนา).pdf', '1563602653665-training04.png', 'application/pdf', '/static/media/19-6-2019-14-53-21.pdf', NULL, 0, 3, 'KM_TestKM_TestKM_TestKM_TestKM_Test'),
(9, 'Test_QA_12345', 'publish', '2019-07-20 02:07:00', '2019-07-20 06:37:28', 6, NULL, 'qa', '1563602274656-ว 629 (2).pdf', '1563602274656-training03.jpg', 'application/pdf', '/static/media/19-6-2019-14-54-255.pdf', NULL, 0, 1, 'Test_QATest_QATest_QATest_QATest_QATest_QA'),
(10, 'Test KMM', 'publish', '2019-07-19 14:33:15', '2019-07-20 06:35:54', 6, NULL, 'km', '1563602613155-AC-2019-0059.pdf', '1563602613155-training02.jpg', NULL, '/static/media/19-6-2019-14-53-21.pdf', NULL, 0, 1, 'Test KMMTest KMMTest KMMTest KMM'),
(11, 'Test', 'publish', '2019-07-19 14:33:18', '2019-07-20 06:36:38', 6, NULL, 'km', '1563602537370-รหัสพรรคการเมืองประจำปีภาษี 2561 ส่งกรมสรรพ.pdf', '1563602496424-training05.jpg', NULL, '/static/media/19-6-2019-14-53-21.pdf', NULL, 0, 2, 'TestTestTestTest'),
(12, 'ทดสอบชื่อเรื่อง เอกสารการอบรม123456', 'publish', '2019-07-20 03:40:15', '2019-08-26 04:15:46', NULL, NULL, 'training', '1563594823857-receipt_2562_1_tonyod.pdf', '', NULL, NULL, NULL, 0, 2, 'ทดสอบรายละเอียดแบบย่อ เอกสารการอบรม123456'),
(14, 'ทดสอบชื่อเรื่อง KM', NULL, '2019-07-20 04:14:55', '2019-07-20 05:23:53', NULL, NULL, 'km', '1563596095065-คำสั่งศาลฎีกา 40 รายแรก-แบบบัญชีรายชื่อ.PDF', '1563600233363-training06.jpg', NULL, NULL, NULL, 0, 0, 'ทดสอบรายละเอียดแบบย่อ KM'),
(15, 'aaaaaaaaaa123', NULL, '2019-07-20 05:16:15', '2019-07-20 05:21:59', NULL, NULL, 'km', '1563600119701-ข้อมูลเพิกถอน-รับเพิ่ม-ยกคำร้อง.PDF', '1563600119702-react-node04.jpg', NULL, NULL, NULL, 0, 0, 'bbbbbbbbbb123'),
(16, 'ชื่อเรื่อง', NULL, '2019-07-24 07:41:12', NULL, NULL, NULL, 'training', '1563954072994-ใบสมัครของนักกีฬา (อ.ฐาปนา).pdf', '', NULL, NULL, NULL, 0, 0, 'รายละเอียดแบบย่อ'),
(17, 'ชื่อเรื่องรายงานผลการดำเนินงาน', 'publish', '2019-07-24 07:43:39', '2019-08-26 04:18:33', NULL, NULL, 'report', '1563954219464-คำสั่งศาลฎีกา 40 รายแรก-แบบบัญชีรายชื่อ.PDF', '', NULL, NULL, NULL, 0, 0, 'รายละเอียดแบบย่อรายงานผลการดำเนินงาน');

-- --------------------------------------------------------

--
-- Table structure for table `driving_license_course_type`
--

CREATE TABLE `driving_license_course_type` (
  `id` int(11) NOT NULL,
  `title` varchar(200) COLLATE utf8mb4_unicode_ci NOT NULL,
  `application_fee` int(11) NOT NULL
) ENGINE=InnoDB DEFAULT CHARSET=utf8mb4 COLLATE=utf8mb4_unicode_ci;

--
-- Dumping data for table `driving_license_course_type`
--

INSERT INTO `driving_license_course_type` (`id`, `title`, `application_fee`) VALUES
(1, 'หลักสูตรการอบรมสำหรับผู้ขอรับใบอนุญาตขับรถครั้งแรก หรือใบอนุญาตหมดอายุเกิน 3 ปี (อบรม 5 ชั่วโมง)', 500),
(2, 'หลักสูตรการอบรมสำหรับผู้ขอต่อใบอนุญาตขับรถ และใบอนุญาตหมดอายุเกิน 1 ปี แต่ไม่เกิน 3 ปี (อบรม 2 ชั่วโมง)', 250),
(3, 'หลักสูตรการอบรมสำหรับผู้ขอต่อใบอนุญาตขับรถ และใบอนุญาตหมดอายุไม่เกิน 1 ปี (อบรม 1 ชั่วโมง)', 100);

-- --------------------------------------------------------

--
-- Table structure for table `driving_license_lecturer`
--

CREATE TABLE `driving_license_lecturer` (
  `id` int(11) NOT NULL,
  `title` varchar(50) COLLATE utf8mb4_unicode_ci NOT NULL,
  `first_name` varchar(200) COLLATE utf8mb4_unicode_ci NOT NULL,
  `last_name` varchar(200) COLLATE utf8mb4_unicode_ci NOT NULL,
  `signature_file_name` varchar(100) COLLATE utf8mb4_unicode_ci NOT NULL
) ENGINE=InnoDB DEFAULT CHARSET=utf8mb4 COLLATE=utf8mb4_unicode_ci;

-- --------------------------------------------------------

--
-- Table structure for table `faq`
--

CREATE TABLE `faq` (
  `id` int(10) UNSIGNED NOT NULL,
  `title` varchar(500) COLLATE utf8mb4_unicode_ci NOT NULL,
  `details` text COLLATE utf8mb4_unicode_ci NOT NULL,
  `status` enum('publish','draft') COLLATE utf8mb4_unicode_ci NOT NULL DEFAULT 'publish',
  `created_at` timestamp NOT NULL DEFAULT CURRENT_TIMESTAMP,
  `updated_at` timestamp NULL DEFAULT NULL ON UPDATE CURRENT_TIMESTAMP,
  `created_by` int(10) DEFAULT NULL,
  `updated_by` int(10) DEFAULT NULL
) ENGINE=InnoDB DEFAULT CHARSET=utf8mb4 COLLATE=utf8mb4_unicode_ci;

--
-- Dumping data for table `faq`
--

INSERT INTO `faq` (`id`, `title`, `details`, `status`, `created_at`, `updated_at`, `created_by`, `updated_by`) VALUES
(1, 'การขอใช้อีเมล์ของมหาวิทยาลัย', '<p>นักศึกษา&nbsp;<br />\r\n- มหาวิทยาลัยได้มีการกำหนดบัญชื่อผู้ใช้สำหรับทุกท่านตั้งแต่เริ่มเข้าบรรจุเป็นนักศึกษา - หากมีปัญหากรุณาติดต่อกับฝ่ายทะเบียนประวัติสำนักงานทะเบียนนักศึกษา มธ. โทร 02-564- 4441-79 ต่อ 1602-1607 เพื่อตรวจสอบสถานะและบญัชีผู้ใช้ก่อน&nbsp;<br />\r\n<br />\r\nบุคลากร&nbsp;<br />\r\n- สำหรับบุคคลากรที่เข้าบรรจุใหม่จะไดร้ับบญัชีผู้ใช้โดยอัตโนมติจากหน่วยงานกองการเจ้าหน้าที่ - กรุณาติดต่อกับหน่วยงานทะเบียนประวัติกองทรัพยากรมนุษย์โทร. 02-5644440-79 ต่อ1886,1887<br />\r\n<br />\r\nกรณีได้รับ User E-mail แล้วทำหายหรือได้ทำการเปลี่ยนรหัสผ่านแล้วลืม ให้ติดต่อที่สำนักงานศูนย์เทคโนโลยีฯ โทร. 1965 หรือ helpdesk หรือ line หรือที่ห้องบริการคอมพิวเตอร์ 113 (สทศ.) อาคารวิทยบริการ มธ. (ศูนย์รังสิต) โทร. 1182-1184</p>\r\n', 'publish', '2019-07-19 02:06:48', '2019-08-26 05:44:46', 6, NULL),
(2, 'การขอใช้อีเมล์ของมหาวิทยาลัย', '<p>นักศึกษา&nbsp;<br />\r\n- มหาวิทยาลัยได้มีการกำหนดบัญชื่อผู้ใช้สำหรับทุกท่านตั้งแต่เริ่มเข้าบรรจุเป็นนักศึกษา - หากมีปัญหากรุณาติดต่อกับฝ่ายทะเบียนประวัติสำนักงานทะเบียนนักศึกษา มธ. โทร 02-564- 4441-79 ต่อ 1602-1607 เพื่อตรวจสอบสถานะและบญัชีผู้ใช้ก่อน&nbsp;<br />\r\n<br />\r\nบุคลากร&nbsp;<br />\r\n- สำหรับบุคคลากรที่เข้าบรรจุใหม่จะไดร้ับบญัชีผู้ใช้โดยอัตโนมติจากหน่วยงานกองการเจ้าหน้าที่ - กรุณาติดต่อกับหน่วยงานทะเบียนประวัติกองทรัพยากรมนุษย์โทร. 02-5644440-79 ต่อ1886,1887<br />\r\n<br />\r\nกรณีได้รับ User E-mail แล้วทำหายหรือได้ทำการเปลี่ยนรหัสผ่านแล้วลืม ให้ติดต่อที่สำนักงานศูนย์เทคโนโลยีฯ โทร. 1965 หรือ helpdesk หรือ line หรือที่ห้องบริการคอมพิวเตอร์ 113 (สทศ.) อาคารวิทยบริการ มธ. (ศูนย์รังสิต) โทร. 1182-1184</p>\r\n', 'publish', '2019-07-19 02:07:10', '2019-07-19 02:07:10', 6, NULL),
(3, 'การขอใช้อีเมล์ของมหาวิทยาลัย', '<p>นักศึกษา&nbsp;</p>\n\n<ul>\n	<li>มหาวิทยาลัยได้มีการกำหนดบัญชื่อผู้ใช้สำหรับทุกท่านตั้งแต่เริ่มเข้าบรรจุเป็นนักศึกษา</li>\n	<li>หากมีปัญหากรุณาติดต่อกับฝ่ายทะเบียนประวัติสำนักงานทะเบียนนักศึกษา มธ. โทร 02-564- 4441-79 ต่อ 1602-1607 เพื่อตรวจสอบสถานะและบญัชีผู้ใช้ก่อน&nbsp;</li>\n</ul>\n\n<p>บุคลากร&nbsp;</p>\n\n<ul>\n	<li>สำหรับบุคคลากรที่เข้าบรรจุใหม่จะไดร้ับบญัชีผู้ใช้โดยอัตโนมติจากหน่วยงานกองการเจ้าหน้าที่</li>\n	<li>กรุณาติดต่อกับหน่วยงานทะเบียนประวัติกองทรัพยากรมนุษย์ โทร. 02-5644440-79 ต่อ1886,1887</li>\n</ul>\n\n<p>กรณีได้รับ User E-mail แล้วทำหายหรือได้ทำการเปลี่ยนรหัสผ่านแล้วลืม ให้ติดต่อที่สำนักงานศูนย์เทคโนโลยีฯ โทร. 1965 หรือ helpdesk หรือ line หรือที่ห้องบริการคอมพิวเตอร์ 113 (สทศ.) อาคารวิทยบริการ มธ. (ศูนย์รังสิต) โทร. 1182-1184</p>\n', 'publish', '2019-07-19 02:07:27', '2019-08-26 08:01:35', 6, NULL),
(5, 'qqq', '<p>aaa</p>\n', 'draft', '2019-08-26 07:49:10', '2019-08-26 08:00:53', NULL, NULL),
(6, 'qqq', '<p>aaa</p>\n', 'draft', '2019-08-26 07:49:18', '2019-08-26 08:00:50', NULL, NULL),
(7, 'qqq', '<p>aaa</p>\n', 'draft', '2019-08-26 07:49:26', '2019-08-26 08:00:37', NULL, NULL);

-- --------------------------------------------------------

--
-- Table structure for table `intro`
--

CREATE TABLE `intro` (
  `id` int(11) NOT NULL,
  `title` varchar(200) COLLATE utf8mb4_unicode_ci NOT NULL,
  `details` text COLLATE utf8mb4_unicode_ci,
  `type` enum('about','mission','','') COLLATE utf8mb4_unicode_ci NOT NULL,
  `image_file_name` varchar(100) COLLATE utf8mb4_unicode_ci DEFAULT NULL,
  `sort_index` int(11) DEFAULT NULL,
  `created_at` timestamp NOT NULL DEFAULT CURRENT_TIMESTAMP,
  `status` enum('draft','publish','','') COLLATE utf8mb4_unicode_ci NOT NULL DEFAULT 'publish'
) ENGINE=InnoDB DEFAULT CHARSET=utf8mb4 COLLATE=utf8mb4_unicode_ci;

--
-- Dumping data for table `intro`
--

INSERT INTO `intro` (`id`, `title`, `details`, `type`, `image_file_name`, `sort_index`, `created_at`, `status`) VALUES
(1, 'ประวัติและความเป็นมา (HISTORY)', '<p>สถาบันเสริมศึกษาและทรัพยากรมนุษย์ เป็นสถาบันที่จัดตั้งขึ้นจากการควบรวมกันของสำนักเสริมศึกษาและบริการสังคม กับ สถาบันทรัพยากรมนุษย์ ตามข้อบังคับมหาวิทยาลัยธรรมศาสตร์ ว่าด้วยการจัดตั้งและแบ่งส่วนงานของมหาวิทยาลัยธรรมศาสตร์ พ.ศ.2559 เมื่อวันที่ 1 มิถุนายน 2560</p>\n\n<p>โดยมีการแบ่งโครงสร้างการบริหารงานสำนักงานเลขานุการสถาบัน เป็น 4 งาน ได้แก่</p>\n\n<ol>\n	<li>งานวิจัยและวิชาการ&nbsp;</li>\n	<li>งานพัฒนาคนและองค์กร&nbsp;</li>\n	<li>งานบริหารสังคมและชุมชน&nbsp;</li>\n	<li>งานบริหารสำนักงาน</li>\n</ol>\n', 'about', NULL, 1, '2019-08-30 03:57:37', 'publish'),
(2, 'วิสัยทัศน์ (VISION)', '<p>&ldquo;สถาบันเสริมศึกษาและทรัพยากรมนุษย์เป็นสถาบันหลักของประเทศในการชี้นำและมีชื่อเสียงด้านทรัพยากรมนุษย์ในระดับชาติ&rdquo;</p>\n', 'about', NULL, 2, '2019-08-30 03:59:22', 'publish'),
(3, 'พันธกิจ (MISSION)', '<p>สถาบันเสริมศึกษาและทรัพยากรมนุษย์มีภารกิจรับผิดชอบดำเนินการสร้าง พัฒนา และเผยแพร่องค์ความรู้ด้านทรัพยากรมนุษย์ผ่านงานวิจัยและวิชาการ จัดกิจกรรมบริการวิชาการสู่สังคมและชุมชนเพื่อสร้างโอกาสทางการศึกษาและการเรียนรู้ตลอดชีวิต บนรากฐานของสังคมแห่งการเรียนรู้ ตลอดจนพัฒนาบุคลากรของมหาวิทยาลัยตามที่ได้รับมอบหมาย</p>\n', 'about', NULL, 3, '2019-08-30 04:00:24', 'publish'),
(4, 'ค่านิยมหลัก (CORE VALUE)', '<ol>\n	<li>Service Mind มีใจบริการ หมายถึง การที่บุคลากรมีจิตใจรักในการบริการ มีความเต็มใจความกระตือรือร้น และมุ่งมั่น ที่จะให้บริการแก่ผู้รับบริการทุกระดับให้เกิดความพึงพอใจ</li>\n	<li>Professionalism เป็นผู้เชี่ยวชาญ มีความเป็นมืออาชีพ หมายถึง บุคลากรมีความรู้ความสามารถในงานที่ตนได้รับมอบหมายหรือที่รับผิดชอบอย่างถ่องแท้และสามารถบริหารจัดการให้งานดำเนินไปอย่างมี ประสิทธิภาพและประสิทธิผลสูงสุด</li>\n	<li>Enthusiasm มีความกระตือรือร้น หมายถึง การที่บุคลากรมีความกระตือรือร้น มีความใส่ใจในการทำงาน เพื่อให้บรรลุความสำเร็จ</li>\n	<li>Creativity มีความคิดสร้างสรรค์ หมายถึง การที่บุคลากรเป็นคนช่างคิด ช่างสังเกต และมีแนวคิดสิ่งใหม่ๆ เพื่อพัฒนาการทำงานไม่ยึดติดกับประสบการณ์หรือบริการที่ทำอยู่เดิม</li>\n	<li>IT Literacy รอบรู้ด้าน IT หมายถึง การที่บุคลากรมีทักษะ ในการใช้เทคโนโลยีที่เหมาะสมกับงานที่รับผิดชอบ และมีความสนใจต่อเทคโนโลยีที่เปลี่ยนไปอย่างสม่ำเสมอ</li>\n	<li>Accountability การรับผิด รับชอบ หมายถึง การที่บุคลากรของสถาบันมีความรับผิดชอบต่อตนเอง ต่อหน้าที่ๆได้รับมอบหมาย และมีความรับผิดชอบต่อสังคม</li>\n	<li>Loyalty ความซื่อสัตย์ ความภักดีต่อองค์กร หมายถึง บุคลากรมีความรักและภาคภูมิใจในความเป็นบุคลากรขององค์กร มีความจงรักภักดีต่อองค์กรทำงานด้วยความทุ่มเท เสียสละ เพื่อให้องค์กรมีความเจริญก้าวหน้า</li>\n</ol>\n', 'about', NULL, 4, '2019-08-30 04:00:24', 'publish'),
(5, 'วิจัยและวิชาการ', '<p>มีอำนาจหน้าที่ดำเนินการจัดทำข้อเสนอโครงการวิจัยเพื่อของบประมาณจากแหล่งทุนต่างๆ ดำเนินโครงการวิจัยที่ได้รับอนุมัติงบประมาณ หรือได้รับมอบหมาย จัดสรรทุนวิจัยจากกองทุนวิจัยของหน่วยงาน การทำสัญญารับทุนวิจัย การติดตามงานวิจัยที่ได้รับทุน การสังเคราะห์องค์ความรู้จากงานวิจัยหรือวิชาการ การสัมมนาเผยแพร่ผลงานวิจัยหรือวิชาการ การเห็บรวบรวมผลงานวิจัย การผลิตสื่อสิ่งพิมพ์ทางวิชาการ โครงการวารสาร HR intelligence และปฎิบัติหน้าที่อื่นตามที่ได้รับมอบหมาย</p>\n', 'mission', '1567227093311-mission1.jpg', 1, '2019-08-30 04:04:15', 'publish'),
(6, 'พัฒนาคนและองค์กร', '<p>มีอำนาจหน้าที่ดำเนินการจัดทำโครงการ การวิเคราะห์หาความต้องการอบรม (Training Need) และการพัฒนาหลักสูตรต่างๆ ด้านการบริหารและพัฒนาทรัพยากรมนุษย์ ทั้งหลักสูตรระยะสั้นและระยะยาว การจัดโครงการพัฒนาบุคลากรให้แก่มหาวิทยาลัยธรรมศาสตร์ รวมทั้งจัดโครงการอบรมให้แก่หน่วยงานภายนอกทั้งภาครัฐและเอกชน (In-house Training) จัดโครงการฝึกอบรมด้านการบริหารและการพัฒนาทรัพยากรมนุษย์ให้แก่บุคคลทั่วไปทั้งใน2งานวิเคราะห์และติดตามประเมินผลในลักษณะของโครงการเลี้ยงตัวเอง และปฏิบัติหน้าที่อื่นๆตามที่ได้รับมอบหมาย</p>\n', 'mission', '1567227107420-mission2.jpg', 2, '2019-08-30 04:04:42', 'publish'),
(7, 'บริการสังคมและชุมชน', '<p>มีอำนาจหน้าที่ให้บริการความรู้แก่ประชาชนทุกระดับโดยไม่เลือกเพศและวัยเป็นการให้บริการแบบไม่หวังผลกำไร ในลักษณะโครงการฝึกอบรม สัมมนา การบรรยายพิเศษ หรือการอภิปราย โดยจัดเองและร่วมมือกับหน่วยงานภายในหรือหน่วยงานภายนอกมหาวิทยาลัย ทั้งภาครัฐและเอกชน หรือเครือข่ายต่างๆ ที่มีข้อตกลงร่วมกับสถาบัน การให้บริการความรู้ทางวิชาการผ่านสื่อต่างๆ รวมทั้งการติดตามผลการนำไปใช้ประโยชน์ ในการพัฒนาคุณภาพชีวิตของผู้รับบริการ และปฎิบัติหน้าที่อื่นๆตามที่ได้รับมอบหมาย</p>\n', 'mission', '1567227119016-mission3.jpg', 3, '2019-08-31 04:50:06', 'publish'),
(8, 'การบริหารจัดการ', '<p>ดำเนินการด้านงานธุรการและบุคคล ด้านแผนและงบประมาณ ด้านการเงิน บัญชี และพัสดุ ด้านสารสนเทศและการประชาสัมพันธ์ และปฎิบัติหน้าที่อื่นๆตามที่ได้รับมอบหมาย</p>\n', 'mission', '1567227131547-mission4.jpg', 4, '2019-08-31 04:50:38', 'publish');

-- --------------------------------------------------------

--
-- Table structure for table `in_house`
--

CREATE TABLE `in_house` (
  `id` int(11) NOT NULL,
  `member_id` int(11) NOT NULL COMMENT 'ID ของสมาชิกที่ login เข้าระบบและมากรอกข้อมูลสมัคร (0 = ไม่ได้ login)',
  `title` varchar(50) COLLATE utf8mb4_unicode_ci NOT NULL,
  `first_name` varchar(200) COLLATE utf8mb4_unicode_ci NOT NULL,
  `last_name` varchar(200) COLLATE utf8mb4_unicode_ci NOT NULL,
  `organization_name` varchar(200) COLLATE utf8mb4_unicode_ci NOT NULL,
  `phone` varchar(50) COLLATE utf8mb4_unicode_ci NOT NULL,
  `email` varchar(200) COLLATE utf8mb4_unicode_ci NOT NULL,
  `course` varchar(500) COLLATE utf8mb4_unicode_ci NOT NULL,
  `num_day` int(11) NOT NULL,
  `num_trainee` int(11) NOT NULL,
  `place` varchar(200) COLLATE utf8mb4_unicode_ci NOT NULL,
  `remark` text COLLATE utf8mb4_unicode_ci,
  `status` enum('wait','complete','','') COLLATE utf8mb4_unicode_ci NOT NULL DEFAULT 'wait',
  `created_at` timestamp NOT NULL DEFAULT CURRENT_TIMESTAMP
) ENGINE=InnoDB DEFAULT CHARSET=utf8mb4 COLLATE=utf8mb4_unicode_ci;

--
-- Dumping data for table `in_house`
--

INSERT INTO `in_house` (`id`, `member_id`, `title`, `first_name`, `last_name`, `organization_name`, `phone`, `email`, `course`, `num_day`, `num_trainee`, `place`, `remark`, `status`, `created_at`) VALUES
(1, 99, 'นาย', 'พร้อมเลิศ', 'หล่อวิจิตร', '2fellows', '0850581776', 'promlert@gmail.com', 'ทดสอบ', 3, 20, 'บริษัท 2fellows Network and Design', NULL, 'wait', '2019-06-19 05:56:59'),
(2, 110, 'นางสาว', 'เจ้าขุน', 'สกุลศรี', 'S Entertainment', '0956654466', 'Jaokhun@gmail.com', 'Test', 1, 2, 'S Hotel', NULL, 'complete', '2019-06-19 07:33:56'),
(3, 0, 'นาย', 'aaa', 'aaa', 'aaa', 'aaa', 'aaa@aaa.com', 'aaa', 5, 5, 'aaa', 'aaa', 'wait', '2019-07-19 10:22:19'),
(4, 0, 'นาย', 'a', 'a', 'a', 'a', 'a@a.com', 'a', 1, 1, 'a', 'a', 'wait', '2019-07-23 17:01:40');

-- --------------------------------------------------------

--
-- Table structure for table `media`
--

CREATE TABLE `media` (
  `id` int(10) UNSIGNED NOT NULL,
  `model_id` int(10) UNSIGNED NOT NULL,
  `model_type` varchar(255) COLLATE utf8mb4_unicode_ci NOT NULL,
  `collection_name` varchar(255) COLLATE utf8mb4_unicode_ci NOT NULL,
  `name` varchar(255) COLLATE utf8mb4_unicode_ci NOT NULL,
  `file_name` varchar(255) COLLATE utf8mb4_unicode_ci NOT NULL,
  `mime_type` varchar(255) COLLATE utf8mb4_unicode_ci DEFAULT NULL,
  `size` int(10) UNSIGNED NOT NULL,
  `order_column` int(10) UNSIGNED DEFAULT NULL,
  `created_at` timestamp NULL DEFAULT NULL,
  `updated_at` timestamp NULL DEFAULT NULL
) ENGINE=InnoDB DEFAULT CHARSET=utf8mb4 COLLATE=utf8mb4_unicode_ci;

--
-- Dumping data for table `media`
--

INSERT INTO `media` (`id`, `model_id`, `model_type`, `collection_name`, `name`, `file_name`, `mime_type`, `size`, `order_column`, `created_at`, `updated_at`) VALUES
(2, 2, 'news', 'cover_desktop', 'โครงการศิลปวัฒนธรรม', '19-6-2019-12-52-989.PNG', 'image/png', 577533, 0, '2019-07-19 00:53:04', '2019-07-19 00:53:04'),
(3, 2, 'news', 'gallery_desktop', 'โครงการศิลปวัฒนธรรม', '19-6-2019-12-52-428.PNG', 'image/png', 577533, 0, '2019-07-19 00:53:04', '2019-07-19 00:53:04'),
(4, 3, 'news', 'cover_desktop', 'innovative HR', '19-6-2019-13-5-226.PNG', 'image/png', 122716, 0, '2019-07-19 01:06:32', '2019-07-19 01:06:32'),
(5, 3, 'news', 'gallery_desktop', 'innovative HR', '19-6-2019-13-5-739.PNG', 'image/png', 122716, 0, '2019-07-19 01:06:32', '2019-07-19 01:06:32'),
(6, 4, 'training_project_news', 'cover_desktop', 'ข่าวฝึกอบรม', '19-6-2019-13-8-72.PNG', 'image/png', 41736, 0, '2019-07-19 01:08:43', '2019-07-19 01:08:43'),
(7, 4, 'training_project_news', 'gallery_desktop', 'ข่าวฝึกอบรม', '19-6-2019-13-8-58.PNG', 'image/png', 41736, 0, '2019-07-19 01:08:43', '2019-07-19 01:08:43'),
(8, 6, 'training_project_news', 'cover_desktop', 'ข่าวฝึกอบรม', '19-6-2019-13-58-741.PNG', 'image/png', 41736, 0, '2019-07-19 01:58:41', '2019-07-19 01:58:41'),
(9, 6, 'training_project_news', 'gallery_desktop', 'ข่าวฝึกอบรม', '19-6-2019-13-58-93.PNG', 'image/png', 41736, 0, '2019-07-19 01:58:41', '2019-07-19 01:58:41'),
(10, 7, 'activity', 'gallery_desktop', 'ข่าวฝึกอบรม', '19-6-2019-14-1-223.PNG', 'image/png', 41736, 0, '2019-07-19 02:01:32', '2019-07-19 02:01:32'),
(11, 1, 'mission', 'cover_desktop', 'mission1', '19-6-2019-14-5-850.jpg', 'image/jpeg', 98190, 0, '2019-07-19 02:05:04', '2019-07-19 02:05:04'),
(12, 9, 'mission', 'cover_desktop', 'mission2', '19-6-2019-14-5-634.jpg', 'image/jpeg', 106191, 0, '2019-07-19 02:05:40', '2019-07-19 02:05:40'),
(13, 10, 'organizational_structure', 'cover_desktop', 'structure-pic', '19-6-2019-14-13-288.jpg', 'image/jpeg', 116053, 0, '2019-07-19 02:13:25', '2019-07-19 02:13:25'),
(14, 1, 'banner', 'cover_desktop', 'B1', '19-6-2019-14-43-544.jpg', 'image/jpeg', 288676, 0, '2019-07-19 02:43:53', '2019-07-19 02:43:53'),
(15, 2, 'banner', 'cover_desktop', 'B3', '19-6-2019-14-44-643.jpg', 'image/jpeg', 208111, 0, '2019-07-19 02:44:32', '2019-07-19 02:44:32'),
(16, 13, 'document', 'cover_desktop', 'ข่าวฝึกอบรม', '19-6-2019-14-48-434.PNG', 'image/png', 41736, 0, '2019-07-19 02:48:34', '2019-07-19 02:48:34'),
(17, 14, 'document', 'cover_desktop', 'ข่าวฝึกอบรม', '19-6-2019-14-53-925.PNG', 'image/png', 41736, 0, '2019-07-19 02:53:45', '2019-07-19 02:53:45'),
(18, 15, 'document', 'cover_desktop', 'innovative HR', '19-6-2019-14-54-331.PNG', 'image/png', 122716, 0, '2019-07-19 02:54:33', '2019-07-19 02:54:33'),
(19, 14, 'document', 'cover_desktop', 'innovative HR', '19-6-2019-17-35-720.PNG', 'image/png', 122716, 0, '2019-07-19 05:35:37', '2019-07-19 05:35:37'),
(20, 14, 'document', 'cover_desktop', 'innovative HR', '19-6-2019-17-36-684.PNG', 'image/png', 122716, 0, '2019-07-19 05:36:05', '2019-07-19 05:36:05'),
(21, 16, 'document', 'cover_desktop', 'innovative HR', '19-6-2019-17-37-445.PNG', 'image/png', 122716, 0, '2019-07-19 05:37:10', '2019-07-19 05:37:10'),
(22, 17, 'document', 'cover_desktop', 'โครงการศิลปวัฒนธรรม', '19-6-2019-17-38-185.PNG', 'image/png', 577533, 0, '2019-07-19 05:38:33', '2019-07-19 05:38:33');

-- --------------------------------------------------------

--
-- Table structure for table `member`
--

CREATE TABLE `member` (
  `id` int(11) NOT NULL,
  `title` varchar(50) COLLATE utf8mb4_unicode_ci NOT NULL,
  `first_name` varchar(200) COLLATE utf8mb4_unicode_ci NOT NULL,
  `last_name` varchar(200) COLLATE utf8mb4_unicode_ci NOT NULL,
  `birth_date` date NOT NULL,
  `job_position` varchar(200) COLLATE utf8mb4_unicode_ci DEFAULT NULL,
  `organization_name` varchar(200) COLLATE utf8mb4_unicode_ci DEFAULT NULL,
  `organization_type` int(11) DEFAULT NULL,
  `organization_type_custom` varchar(50) COLLATE utf8mb4_unicode_ci DEFAULT NULL,
  `address` varchar(200) COLLATE utf8mb4_unicode_ci DEFAULT NULL,
  `sub_district` varchar(50) COLLATE utf8mb4_unicode_ci DEFAULT NULL,
  `district` varchar(50) COLLATE utf8mb4_unicode_ci DEFAULT NULL,
  `province` varchar(50) COLLATE utf8mb4_unicode_ci DEFAULT NULL,
  `postal_code` varchar(10) COLLATE utf8mb4_unicode_ci DEFAULT NULL,
  `organization_phone` varchar(50) COLLATE utf8mb4_unicode_ci DEFAULT NULL,
  `tax_id` varchar(50) COLLATE utf8mb4_unicode_ci DEFAULT NULL,
  `phone` varchar(50) COLLATE utf8mb4_unicode_ci NOT NULL,
  `email` varchar(190) COLLATE utf8mb4_unicode_ci NOT NULL,
  `password` varchar(50) COLLATE utf8mb4_unicode_ci NOT NULL,
  `login_token` varchar(512) COLLATE utf8mb4_unicode_ci DEFAULT NULL,
  `created_at` timestamp NOT NULL DEFAULT CURRENT_TIMESTAMP
) ENGINE=InnoDB DEFAULT CHARSET=utf8mb4 COLLATE=utf8mb4_unicode_ci;

--
-- Dumping data for table `member`
--

INSERT INTO `member` (`id`, `title`, `first_name`, `last_name`, `birth_date`, `job_position`, `organization_name`, `organization_type`, `organization_type_custom`, `address`, `sub_district`, `district`, `province`, `postal_code`, `organization_phone`, `tax_id`, `phone`, `email`, `password`, `login_token`, `created_at`) VALUES
(22, 'นาง', 'มานี', 'มีนา', '1980-01-01', 'พนักงานบริษัทเอกชน', '3bugs', 1, '', '11/13', 'ลาดยาว', 'จตุจักร', 'กรุงเทพมหานคร', '10900', '123', '123', '123', 'manee@gmail.com', 'abc123', NULL, '2019-05-08 09:46:14'),
(99, 'นาย', 'พร้อมเลิศ', 'หล่อวิจิตร', '1974-11-21', 'System Analyst', '2fellows', 3, '', NULL, NULL, NULL, NULL, NULL, NULL, NULL, '0850581776', 'promlert@gmail.com', 'abc123', NULL, '2019-05-02 10:10:21'),
(100, 'นางสาว', 'Lily', 'A', '1980-01-01', 'sa', 'sa', 2, '', NULL, NULL, NULL, NULL, NULL, NULL, NULL, '0988888888', 'sudaporn.hen@gmail.com', '123456', NULL, '2019-05-14 05:02:24'),
(101, 'นางสาว', 'เอมอร', 'สมรศรี', '1980-01-01', 'SA', 'Co coperation', 3, '', '14 ซอย 2 ถนน กาญจนวานิช', 'จอมพล', 'จตุจัก', 'กรุงเทพมหานคร', '10400', '023345334', '118893245333', '0978878889', 'Co@hotmail.com', '123456', NULL, '2019-05-14 05:22:03'),
(102, 'นาย', 'พร้อมเลิศ', 'หล่อวิจิตร', '1980-01-01', 'IT', '2fellows', 3, '', NULL, NULL, NULL, NULL, NULL, NULL, NULL, '012345678', 'promlert123@gmail.com', '123456', NULL, '2019-05-17 03:14:30'),
(103, 'นาย', 'a', 'b', '1980-01-01', 'c', 'd', 4, NULL, NULL, NULL, NULL, NULL, NULL, NULL, NULL, '2', 'd@e.com', 'aaaaaa', NULL, '2019-05-27 05:46:03'),
(105, 'นาย', 'aaa', 'bbb', '1980-01-01', 'ccc', 'ddd', 9999, 'สำนักพิมพ์', NULL, NULL, NULL, NULL, NULL, NULL, NULL, '222', 'fff@ggg.com', 'hhhhhh', NULL, '2019-05-27 05:58:12'),
(106, 'นาง', 'กกก', 'ขขข', '1980-01-01', 'คคค', 'งงง', 9999, 'ร้านค้า', '1', '1', '1', '1', '1', '1', '1', '1', 'mail@mail.com', '111111', NULL, '2019-05-27 06:01:54'),
(107, 'นาย', 'a', 'a', '2019-07-02', 'a', 'a', 9999, 'ส่วนตัว', NULL, NULL, NULL, NULL, NULL, NULL, NULL, 'a', 'a@a.com', 'aaaaaa', NULL, '2019-05-27 08:57:45'),
(108, 'นาย', 'Promlert', 'Lovichit', '1974-11-21', 'System Analyst', '3bugs', 9999, 'Enterprise Company', NULL, NULL, NULL, NULL, NULL, NULL, NULL, '0850581776', 'promlert@3bugs.com', 'abc123', NULL, '2019-05-31 09:41:28'),
(109, 'นาย', 'Banlop', 'Lovichit', '2010-01-07', 'Student', 'KUS', 5, NULL, '11/13 Varawan Park Condominium', 'Ladyao', 'Jatujak', 'Bangkok', '10900', '0812345678', '999', '0898765432', 'tonyod@gmail.com', '123456', NULL, '2019-05-31 09:54:31'),
(110, 'นาย', 'เมษา', 'อัครสกุล', '2001-04-19', 'CEO', 'Predis', 9999, 'สถานบันเทิง', NULL, NULL, NULL, NULL, NULL, NULL, NULL, '0876656677', 'Mesa@gmail.com', '123456', NULL, '2019-06-19 05:49:21'),
(111, 'นางสาว', 'จันทร์เจ้า', 'อัครสกุล', '1996-05-26', 'CIO', 'Predis', 9999, 'สถานบันเทิง', '3 ถนน วิภาวดี', 'จอมพล', 'จตุจ้กร', 'กรุงเทพ', '10400', '0943345567', '112298877661323', '0865543377', 'Janjao@gmail.com', '123456', NULL, '2019-06-19 05:57:29'),
(112, 'นาย', 'สมชาย', 'สบายดี', '2019-06-20', 'ส', 'ส', 1, NULL, '1', '1', '1', '1', '11111', '11', '1', '1', 'somchai@gmail.com', 'abc123', NULL, '2019-06-20 09:17:09'),
(113, 'Miss', 'ณัฐปภัสร์', 'หล่อวิจิตร', '2004-10-18', 'นักเรียน', 'โรงเรียนสาธิตแห่งมหาวิทยาลัยเกษตรศาสตร์', 1, NULL, NULL, NULL, NULL, NULL, NULL, NULL, NULL, '088-888-8888', 'nooknet2004@gmail.com', '123456', NULL, '2019-08-29 08:29:50');

-- --------------------------------------------------------

--
-- Table structure for table `menus`
--

CREATE TABLE `menus` (
  `id` int(10) UNSIGNED NOT NULL,
  `parent_id` int(11) NOT NULL DEFAULT '0',
  `name` varchar(255) COLLATE utf8mb4_unicode_ci NOT NULL,
  `slug` varchar(255) COLLATE utf8mb4_unicode_ci DEFAULT NULL,
  `link_type` enum('internal','external') COLLATE utf8mb4_unicode_ci DEFAULT NULL,
  `url_external` varchar(255) COLLATE utf8mb4_unicode_ci DEFAULT NULL,
  `description` text COLLATE utf8mb4_unicode_ci,
  `target` tinyint(1) NOT NULL DEFAULT '0',
  `ordering` int(11) DEFAULT '0',
  `layout` varchar(100) COLLATE utf8mb4_unicode_ci DEFAULT NULL,
  `position` enum('header','footer-left','footer-center','footer-right') COLLATE utf8mb4_unicode_ci DEFAULT NULL,
  `status` enum('publish','draft') COLLATE utf8mb4_unicode_ci NOT NULL DEFAULT 'draft',
  `meta_title` varchar(255) COLLATE utf8mb4_unicode_ci DEFAULT NULL,
  `meta_keywords` varchar(255) COLLATE utf8mb4_unicode_ci DEFAULT NULL,
  `meta_description` text COLLATE utf8mb4_unicode_ci,
  `created_at` timestamp NULL DEFAULT NULL,
  `updated_at` timestamp NULL DEFAULT NULL,
  `layout_params` text COLLATE utf8mb4_unicode_ci,
  `created_by` int(10) DEFAULT NULL,
  `updated_by` int(10) DEFAULT NULL
) ENGINE=InnoDB DEFAULT CHARSET=utf8mb4 COLLATE=utf8mb4_unicode_ci;

-- --------------------------------------------------------

--
-- Table structure for table `name_title`
--

CREATE TABLE `name_title` (
  `id` int(11) NOT NULL,
  `title` varchar(100) CHARACTER SET tis620 NOT NULL,
  `created_at` timestamp NOT NULL DEFAULT CURRENT_TIMESTAMP
) ENGINE=InnoDB DEFAULT CHARSET=utf8mb4 COLLATE=utf8mb4_unicode_ci;

--
-- Dumping data for table `name_title`
--

INSERT INTO `name_title` (`id`, `title`, `created_at`) VALUES
(1, 'นาย', '2019-04-24 10:30:26'),
(2, 'นาง', '2019-04-24 10:30:26'),
(3, 'นางสาว', '2019-04-24 10:30:31'),
(4, 'Mr.', '2019-06-12 03:04:21'),
(5, 'Mrs.', '2019-07-19 09:30:09'),
(6, 'Miss', '2019-07-19 09:30:09'),
(7, 'ด.ต.', '2019-07-19 09:31:12'),
(8, 'ม.ล.', '2019-07-19 09:31:12'),
(9, 'ร.ต.หญิง', '2019-07-19 09:31:50'),
(10, 'ว่าที่ ร.ต.', '2019-07-19 09:31:50'),
(11, 'ว่าที่ ร.ต.หญิง', '2019-07-19 09:31:57'),
(12, 'ส.อ.หญิง', '2019-07-19 09:33:00');

-- --------------------------------------------------------

--
-- Table structure for table `news`
--

CREATE TABLE `news` (
  `id` int(11) NOT NULL,
  `title` varchar(200) COLLATE utf8mb4_unicode_ci NOT NULL,
  `short_description` text COLLATE utf8mb4_unicode_ci NOT NULL,
  `details` text COLLATE utf8mb4_unicode_ci NOT NULL,
  `news_type` enum('training','public-relations','in-house','activity') COLLATE utf8mb4_unicode_ci NOT NULL,
  `news_date` date NOT NULL,
  `image_file_name` varchar(100) COLLATE utf8mb4_unicode_ci NOT NULL COMMENT 'ชื่อไฟล์ภาพหน้าปก',
  `created_at` timestamp NOT NULL DEFAULT CURRENT_TIMESTAMP,
  `status` enum('draft','publish','','') COLLATE utf8mb4_unicode_ci NOT NULL DEFAULT 'publish'
) ENGINE=InnoDB DEFAULT CHARSET=utf8mb4 COLLATE=utf8mb4_unicode_ci;

--
-- Dumping data for table `news`
--

INSERT INTO `news` (`id`, `title`, `short_description`, `details`, `news_type`, `news_date`, `image_file_name`, `created_at`, `status`) VALUES
(1, 'หัวข้อข่าวการฝึกอบรม 1', 'ทดสอบรายละเอียดแบบย่อ', '<p>เนื้อหาข่าวการฝึกอบรม 1&nbsp;เนื้อหาข่าวการฝึกอบรม 1&nbsp;เนื้อหาข่าวการฝึกอบรม 1&nbsp;เนื้อหาข่าวการฝึกอบรม 1&nbsp;เนื้อหาข่าวการฝึกอบรม 1&nbsp;เนื้อหาข่าวการฝึกอบรม 1&nbsp;เนื้อหาข่าวการฝึกอบรม 1&nbsp;เนื้อหาข่าวการฝึกอบรม 1&nbsp;เนื้อหาข่าวการฝึกอบรม 1&nbsp;เนื้อหาข่าวการฝึกอบรม 1&nbsp;เนื้อหาข่าวการฝึกอบรม 1&nbsp;เนื้อหาข่าวการฝึกอบรม 1&nbsp;เนื้อหาข่าวการฝึกอบรม 1&nbsp;เนื้อหาข่าวการฝึกอบรม 1&nbsp;เนื้อหาข่าวการฝึกอบรม 1&nbsp;เนื้อหาข่าวการฝึกอบรม 1&nbsp;เนื้อหาข่าวการฝึกอบรม 1&nbsp;เนื้อหาข่าวการฝึกอบรม 1&nbsp;เนื้อหาข่าวการฝึกอบรม 1&nbsp;เนื้อหาข่าวการฝึกอบรม 1&nbsp;เนื้อหาข่าวการฝึกอบรม 1&nbsp;เนื้อหาข่าวการฝึกอบรม 1&nbsp;เนื้อหาข่าวการฝึกอบรม 1&nbsp;เนื้อหาข่าวการฝึกอบรม 1&nbsp;เนื้อหาข่าวการฝึกอบรม 1&nbsp;เนื้อหาข่าวการฝึกอบรม 1&nbsp;เนื้อหาข่าวการฝึกอบรม 1&nbsp;เนื้อหาข่าวการฝึกอบรม 1&nbsp;เนื้อหาข่าวการฝึกอบรม 1&nbsp;เนื้อหาข่าวการฝึกอบรม 1&nbsp;เนื้อหาข่าวการฝึกอบรม 1&nbsp;</p>\n\n<ul>\n	<li>เนื้อหาข่าวการฝึกอบรม 1&nbsp;</li>\n	<li>เนื้อหาข่าวการฝึกอบรม 1&nbsp;</li>\n	<li>เนื้อหาข่าวการฝึกอบรม 1&nbsp;</li>\n	<li>เนื้อหาข่าวการฝึกอบรม 1&nbsp;</li>\n</ul>\n\n<p>เนื้อหาข่าวการฝึกอบรม 1&nbsp;เนื้อหาข่าวการฝึกอบรม 1&nbsp;เนื้อหาข่าวการฝึกอบรม 1&nbsp;เนื้อหาข่าวการฝึกอบรม 1&nbsp;เนื้อหาข่าวการฝึกอบรม 1&nbsp;เนื้อหาข่าวการฝึกอบรม 1&nbsp;เนื้อหาข่าวการฝึกอบรม 1&nbsp;เนื้อหาข่าวการฝึกอบรม 1&nbsp;เนื้อหาข่าวการฝึกอบรม 1&nbsp;เนื้อหาข่าวการฝึกอบรม 1&nbsp;เนื้อหาข่าวการฝึกอบรม 1&nbsp;เนื้อหาข่าวการฝึกอบรม 1&nbsp;เนื้อหาข่าวการฝึกอบรม 1&nbsp;เนื้อหาข่าวการฝึกอบรม 1&nbsp;เนื้อหาข่าวการฝึกอบรม 1&nbsp;เนื้อหาข่าวการฝึกอบรม 1&nbsp;เนื้อหาข่าวการฝึกอบรม 1&nbsp;เนื้อหาข่าวการฝึกอบรม 1&nbsp;เนื้อหาข่าวการฝึกอบรม 1&nbsp;เนื้อหาข่าวการฝึกอบรม 1&nbsp;</p>\n\n<ol>\n	<li>เนื้อหาข่าวการฝึกอบรม 1&nbsp;</li>\n	<li>เนื้อหาข่าวการฝึกอบรม 1&nbsp;</li>\n	<li>เนื้อหาข่าวการฝึกอบรม 1&nbsp;</li>\n	<li>เนื้อหาข่าวการฝึกอบรม 1&nbsp;</li>\n</ol>\n', 'training', '2019-07-20', 'training01.jpg', '2019-07-20 07:55:26', 'publish'),
(2, 'หัวข้อข่าวการฝึกอบรม 2', 'ทดสอบรายละเอียดแบบย่อ', 'เนื้อหาข่าวการฝึกอบรม 2', 'training', '2019-07-20', 'training02.jpg', '2019-07-20 07:55:26', 'publish'),
(3, 'หัวข้อข่าวการฝึกอบรม 3', 'ทดสอบรายละเอียดแบบย่อ', 'เนื้อหาข่าวการฝึกอบรม 3', 'training', '2019-07-19', 'training03.jpg', '2019-07-20 07:55:26', 'publish'),
(4, 'หัวข้อข่าวการฝึกอบรม 4', 'ทดสอบรายละเอียดแบบย่อ', 'เนื้อหาข่าวการฝึกอบรม 4', 'training', '2019-07-18', 'training04.png', '2019-07-20 07:55:26', 'publish'),
(5, 'หัวข้อข่าวประชาสัมพันธ์ 1', 'ทดสอบรายละเอียดแบบย่อ', '<h3>เนื้อหาข่าวประชาสัมพันธ์ 1</h3>\n\n<ol>\n	<li>ทดสอบ</li>\n	<li>ทดสอบ</li>\n	<li>ทดสอบ</li>\n	<li>ทดสอบ</li>\n</ol>\n', 'public-relations', '2019-07-20', 'public01.jpg', '2019-07-20 07:55:26', 'publish'),
(6, 'หัวข้อข่าวประชาสัมพันธ์ 2', 'ทดสอบรายละเอียดแบบย่อ', 'เนื้อหาข่าวประชาสัมพันธ์ 2', 'public-relations', '2019-07-19', 'public02.jpg', '2019-07-20 07:55:26', 'publish'),
(7, 'หัวข้อข่าวประชาสัมพันธ์ 3', 'ทดสอบรายละเอียดแบบย่อ', 'เนื้อหาข่าวประชาสัมพันธ์ 3', 'public-relations', '2019-07-17', 'public03.jpg', '2019-07-20 07:55:26', 'publish'),
(13, 'ทดสอบหัวข้อข่าวการฝึกอบรม', 'ทดสอบรายละเอียดแบบย่อ123', '<p>รายละเอียดข่าว&nbsp;รายละเอียดข่าว&nbsp;รายละเอียดข่าว&nbsp;รายละเอียดข่าว&nbsp;รายละเอียดข่าว&nbsp;รายละเอียดข่าว&nbsp;รายละเอียดข่าว&nbsp;รายละเอียดข่าว&nbsp;รายละเอียดข่าว&nbsp;รายละเอียดข่าว&nbsp;รายละเอียดข่าว&nbsp;รายละเอียดข่าว&nbsp;รายละเอียดข่าว&nbsp;รายละเอียดข่าว&nbsp;รายละเอียดข่าว&nbsp;รายละเอียดข่าว&nbsp;รายละเอียดข่าว&nbsp;รายละเอียดข่าว&nbsp;รายละเอียดข่าว&nbsp;รายละเอียดข่าว&nbsp;รายละเอียดข่าว&nbsp;รายละเอียดข่าว&nbsp;รายละเอียดข่าว&nbsp;รายละเอียดข่าว&nbsp;รายละเอียดข่าว&nbsp;รายละเอียดข่าว&nbsp;รายละเอียดข่าว&nbsp;รายละเอียดข่าว&nbsp;รายละเอียดข่าว&nbsp;รายละเอียดข่าว&nbsp;รายละเอียดข่าว&nbsp;รายละเอียดข่าว&nbsp;รายละเอียดข่าว&nbsp;รายละเอียดข่าว&nbsp;รายละเอียดข่าว&nbsp;รายละเอียดข่าว&nbsp;รายละเอียดข่าว&nbsp;รายละเอียดข่าว&nbsp;รายละเอียดข่าว&nbsp;รายละเอียดข่าว&nbsp;รายละเอียดข่าว&nbsp;รายละเอียดข่าว&nbsp;รายละเอียดข่าว&nbsp;รายละเอียดข่าว&nbsp;รายละเอียดข่าว&nbsp;รายละเอียดข่าว&nbsp;รายละเอียดข่าว&nbsp;รายละเอียดข่าว&nbsp;รายละเอียดข่าว&nbsp;รายละเอียดข่าว&nbsp;รายละเอียดข่าว&nbsp;รายละเอียดข่าว&nbsp;รายละเอียดข่าว&nbsp;รายละเอียดข่าว&nbsp;รายละเอียดข่าว&nbsp;รายละเอียดข่าว&nbsp;</p>\n\n<p>รายละเอียดข่าว&nbsp;รายละเอียดข่าว&nbsp;รายละเอียดข่าว&nbsp;รายละเอียดข่าว&nbsp;รายละเอียดข่าว&nbsp;รายละเอียดข่าว&nbsp;รายละเอียดข่าว&nbsp;รายละเอียดข่าว&nbsp;รายละเอียดข่าว&nbsp;รายละเอียดข่าว&nbsp;รายละเอียดข่าว&nbsp;รายละเอียดข่าว&nbsp;รายละเอียดข่าว&nbsp;รายละเอียดข่าว&nbsp;รายละเอียดข่าว&nbsp;รายละเอียดข่าว&nbsp;รายละเอียดข่าว&nbsp;รายละเอียดข่าว&nbsp;รายละเอียดข่าว&nbsp;รายละเอียดข่าว&nbsp;รายละเอียดข่าว&nbsp;รายละเอียดข่าว&nbsp;รายละเอียดข่าว&nbsp;รายละเอียดข่าว&nbsp;รายละเอียดข่าว&nbsp;รายละเอียดข่าว&nbsp;รายละเอียดข่าว&nbsp;รายละเอียดข่าว&nbsp;รายละเอียดข่าว&nbsp;รายละเอียดข่าว&nbsp;รายละเอียดข่าว&nbsp;รายละเอียดข่าว&nbsp;รายละเอียดข่าว&nbsp;รายละเอียดข่าว&nbsp;รายละเอียดข่าว&nbsp;รายละเอียดข่าว&nbsp;รายละเอียดข่าว&nbsp;รายละเอียดข่าว&nbsp;รายละเอียดข่าว&nbsp;รายละเอียดข่าว&nbsp;รายละเอียดข่าว&nbsp;รายละเอียดข่าว&nbsp;รายละเอียดข่าว&nbsp;รายละเอียดข่าว&nbsp;รายละเอียดข่าว&nbsp;รายละเอียดข่าว&nbsp;รายละเอียดข่าว&nbsp;รายละเอียดข่าว&nbsp;รายละเอียดข่าว&nbsp;รายละเอียดข่าว&nbsp;รายละเอียดข่าว&nbsp;รายละเอียดข่าว&nbsp;รายละเอียดข่าว&nbsp;รายละเอียดข่าว&nbsp;รายละเอียดข่าว&nbsp;รายละเอียดข่าว&nbsp;</p>\n\n<p>รายละเอียดข่าว&nbsp;รายละเอียดข่าว&nbsp;รายละเอียดข่าว&nbsp;รายละเอียดข่าว&nbsp;รายละเอียดข่าว&nbsp;รายละเอียดข่าว&nbsp;รายละเอียดข่าว&nbsp;รายละเอียดข่าว&nbsp;รายละเอียดข่าว&nbsp;รายละเอียดข่าว&nbsp;รายละเอียดข่าว&nbsp;รายละเอียดข่าว&nbsp;รายละเอียดข่าว&nbsp;รายละเอียดข่าว&nbsp;รายละเอียดข่าว&nbsp;รายละเอียดข่าว&nbsp;รายละเอียดข่าว&nbsp;รายละเอียดข่าว&nbsp;รายละเอียดข่าว&nbsp;รายละเอียดข่าว&nbsp;รายละเอียดข่าว&nbsp;รายละเอียดข่าว&nbsp;รายละเอียดข่าว&nbsp;รายละเอียดข่าว&nbsp;รายละเอียดข่าว&nbsp;รายละเอียดข่าว&nbsp;รายละเอียดข่าว&nbsp;รายละเอียดข่าว&nbsp;รายละเอียดข่าว&nbsp;รายละเอียดข่าว&nbsp;รายละเอียดข่าว&nbsp;รายละเอียดข่าว&nbsp;รายละเอียดข่าว&nbsp;รายละเอียดข่าว&nbsp;รายละเอียดข่าว&nbsp;รายละเอียดข่าว&nbsp;รายละเอียดข่าว&nbsp;รายละเอียดข่าว&nbsp;รายละเอียดข่าว&nbsp;รายละเอียดข่าว&nbsp;รายละเอียดข่าว&nbsp;รายละเอียดข่าว&nbsp;รายละเอียดข่าว&nbsp;รายละเอียดข่าว&nbsp;รายละเอียดข่าว&nbsp;รายละเอียดข่าว&nbsp;รายละเอียดข่าว&nbsp;รายละเอียดข่าว&nbsp;รายละเอียดข่าว&nbsp;รายละเอียดข่าว&nbsp;รายละเอียดข่าว&nbsp;รายละเอียดข่าว&nbsp;รายละเอียดข่าว&nbsp;รายละเอียดข่าว&nbsp;รายละเอียดข่าว&nbsp;รายละเอียดข่าว&nbsp;</p>\n', 'training', '2019-11-02', '1563698154129-image_slide_03.jpg', '2019-07-21 07:39:44', 'draft'),
(14, 'ทดสอบหัวข้อภาพกิจกรรม 2', 'ทดสอบรายละเอียดแบบย่อ', '<p>ทดสอบรายละเอียดภาพกิจกรรม 2</p>\n', 'activity', '2019-07-01', '1563698603167-react-node01.jpeg', '2019-07-21 08:43:23', 'publish'),
(15, 'ทดสอบหัวข้อหลักสูตร In-House ที่ผ่านมา 1', 'ทดสอบรายละเอียดแบบย่อ', '<p>ทดสอบรายละเอียดหลักสูตร In-House ที่ผ่านมา 1</p>\n', 'in-house', '2019-05-02', '1563699537583-react-node02.jpg', '2019-07-21 08:58:57', 'publish'),
(16, 'ทดสอบหัวข้อหลักสูตร In-House ที่ผ่านมา 2', 'ทดสอบรายละเอียดแบบย่อ', '<p>ทดสอบรายละเอียดหลักสูตร In-House ที่ผ่านมา 2</p>\n', 'in-house', '2019-05-02', '1563904296604-react-node03.jpg', '2019-07-21 08:58:57', 'publish'),
(18, 'ทดสอบหัวข้อภาพกิจกรรม 1', 'ทดสอบรายละเอียดแบบย่อภาพกิจกรรม 2', '<p>ทดสอบรายละเอียดภาพกิจกรรม 2&nbsp;ทดสอบรายละเอียดภาพกิจกรรม 2&nbsp;ทดสอบรายละเอียดภาพกิจกรรม 2&nbsp;ทดสอบรายละเอียดภาพกิจกรรม 2&nbsp;ทดสอบรายละเอียดภาพกิจกรรม 2&nbsp;ทดสอบรายละเอียดภาพกิจกรรม 2&nbsp;ทดสอบรายละเอียดภาพกิจกรรม 2&nbsp;ทดสอบรายละเอียดภาพกิจกรรม 2&nbsp;ทดสอบรายละเอียดภาพกิจกรรม 2&nbsp;ทดสอบรายละเอียดภาพกิจกรรม 2&nbsp;ทดสอบรายละเอียดภาพกิจกรรม 2&nbsp;ทดสอบรายละเอียดภาพกิจกรรม 2&nbsp;ทดสอบรายละเอียดภาพกิจกรรม 2&nbsp;ทดสอบรายละเอียดภาพกิจกรรม 2&nbsp;ทดสอบรายละเอียดภาพกิจกรรม 2&nbsp;ทดสอบรายละเอียดภาพกิจกรรม 2&nbsp;ทดสอบรายละเอียดภาพกิจกรรม 2&nbsp;ทดสอบรายละเอียดภาพกิจกรรม 2&nbsp;ทดสอบรายละเอียดภาพกิจกรรม 2&nbsp;ทดสอบรายละเอียดภาพกิจกรรม 2&nbsp;ทดสอบรายละเอียดภาพกิจกรรม 2&nbsp;ทดสอบรายละเอียดภาพกิจกรรม 2&nbsp;</p>\n', 'activity', '2019-07-02', '1563770961740-react-node01.jpeg', '2019-07-22 04:49:21', 'publish');

-- --------------------------------------------------------

--
-- Table structure for table `news_asset`
--

CREATE TABLE `news_asset` (
  `id` int(11) NOT NULL,
  `news_id` int(11) NOT NULL,
  `title` varchar(200) COLLATE utf8mb4_unicode_ci DEFAULT NULL,
  `file_name` varchar(200) COLLATE utf8mb4_unicode_ci NOT NULL,
  `created_at` timestamp NOT NULL DEFAULT CURRENT_TIMESTAMP
) ENGINE=InnoDB DEFAULT CHARSET=utf8mb4 COLLATE=utf8mb4_unicode_ci;

--
-- Dumping data for table `news_asset`
--

INSERT INTO `news_asset` (`id`, `news_id`, `title`, `file_name`, `created_at`) VALUES
(14, 13, NULL, '1563694784996-training06.jpg', '2019-07-21 07:39:44'),
(15, 13, NULL, '1563694785000-training05.jpg', '2019-07-21 07:39:44'),
(16, 13, NULL, '1563694785002-training04.png', '2019-07-21 07:39:45'),
(17, 13, NULL, '1563694785007-training03.jpg', '2019-07-21 07:39:45'),
(18, 13, NULL, '1563694785012-training02.jpg', '2019-07-21 07:39:45'),
(22, 14, NULL, '1563698603169-training06.jpg', '2019-07-21 08:43:23'),
(23, 15, NULL, '1563699537584-training03.jpg', '2019-07-21 08:58:57'),
(24, 15, NULL, '1563699537588-training02.jpg', '2019-07-21 08:58:57'),
(25, 15, NULL, '1563699537593-training01.jpg', '2019-07-21 08:58:57'),
(30, 14, NULL, '1563770821277-training04.png', '2019-07-22 04:47:01'),
(31, 14, NULL, '1563770821281-training03.jpg', '2019-07-22 04:47:01'),
(32, 14, NULL, '1563770821282-training02.jpg', '2019-07-22 04:47:01'),
(33, 14, NULL, '1563770821282-training01.jpg', '2019-07-22 04:47:01'),
(34, 18, NULL, '1563770961743-react-node04.jpg', '2019-07-22 04:49:21'),
(35, 18, NULL, '1563770961747-react-node03.jpg', '2019-07-22 04:49:21'),
(36, 18, NULL, '1563770961751-react-node02.jpg', '2019-07-22 04:49:21'),
(37, 18, NULL, '1563770961755-react-node01.jpeg', '2019-07-22 04:49:21'),
(38, 1, NULL, '1563773458570-training06.jpg', '2019-07-22 05:30:58'),
(39, 1, NULL, '1563773458571-training05.jpg', '2019-07-22 05:30:58'),
(40, 1, NULL, '1563773458572-training04.png', '2019-07-22 05:30:58'),
(41, 1, NULL, '1563773458572-training03.jpg', '2019-07-22 05:30:58'),
(42, 1, NULL, '1563773458572-training02.jpg', '2019-07-22 05:30:58'),
(43, 1, NULL, '1563773458573-training01.jpg', '2019-07-22 05:30:58');

-- --------------------------------------------------------

--
-- Table structure for table `organization`
--

CREATE TABLE `organization` (
  `id` int(10) NOT NULL,
  `name` varchar(50) COLLATE utf8mb4_unicode_ci DEFAULT NULL,
  `position` varchar(50) COLLATE utf8mb4_unicode_ci DEFAULT NULL,
  `phone` varchar(20) COLLATE utf8mb4_unicode_ci DEFAULT NULL,
  `description` text COLLATE utf8mb4_unicode_ci,
  `order` int(10) DEFAULT NULL,
  `meta_keywords` varchar(255) COLLATE utf8mb4_unicode_ci DEFAULT NULL,
  `meta_title` varchar(50) COLLATE utf8mb4_unicode_ci DEFAULT NULL,
  `meta_description` text COLLATE utf8mb4_unicode_ci,
  `created_at` timestamp NULL DEFAULT CURRENT_TIMESTAMP ON UPDATE CURRENT_TIMESTAMP,
  `updated_at` timestamp NULL DEFAULT NULL ON UPDATE CURRENT_TIMESTAMP,
  `created_by` int(10) DEFAULT NULL,
  `updated_by` int(10) DEFAULT NULL,
  `category_id` int(10) DEFAULT NULL
) ENGINE=InnoDB DEFAULT CHARSET=utf8mb4 COLLATE=utf8mb4_unicode_ci;

-- --------------------------------------------------------

--
-- Table structure for table `organization_categorys`
--

CREATE TABLE `organization_categorys` (
  `id` int(10) NOT NULL,
  `title` varchar(50) COLLATE utf8mb4_unicode_ci DEFAULT NULL,
  `description` text COLLATE utf8mb4_unicode_ci,
  `order` int(10) DEFAULT NULL,
  `created_at` timestamp NULL DEFAULT CURRENT_TIMESTAMP ON UPDATE CURRENT_TIMESTAMP,
  `updated_at` timestamp NULL DEFAULT NULL ON UPDATE CURRENT_TIMESTAMP,
  `created_by` int(10) DEFAULT NULL,
  `updated_by` int(10) DEFAULT NULL,
  `type` enum('institute_committee','executives_and_personnel') COLLATE utf8mb4_unicode_ci DEFAULT NULL
) ENGINE=InnoDB DEFAULT CHARSET=utf8mb4 COLLATE=utf8mb4_unicode_ci;

-- --------------------------------------------------------

--
-- Table structure for table `organization_type`
--

CREATE TABLE `organization_type` (
  `id` int(11) NOT NULL,
  `name` varchar(200) CHARACTER SET tis620 NOT NULL,
  `created_at` timestamp NOT NULL DEFAULT CURRENT_TIMESTAMP
) ENGINE=InnoDB DEFAULT CHARSET=utf8mb4 COLLATE=utf8mb4_unicode_ci;

--
-- Dumping data for table `organization_type`
--

INSERT INTO `organization_type` (`id`, `name`, `created_at`) VALUES
(1, 'ราชการ', '2019-05-13 07:36:10'),
(2, 'รัฐวิสาหกิจ', '2019-05-13 07:36:10'),
(3, 'เอกชน', '2019-05-13 07:36:24'),
(4, 'สถาบันการเงิน', '2019-05-13 07:36:24'),
(5, 'สถาบันการศึกษา', '2019-05-13 07:38:17'),
(6, 'โรงพยาบาล', '2019-05-13 07:38:17'),
(7, 'มูลนิธิ / สมาคม', '2019-05-24 09:29:30');

-- --------------------------------------------------------

--
-- Table structure for table `payment_notification`
--

CREATE TABLE `payment_notification` (
  `id` int(11) NOT NULL,
  `member_id` int(11) NOT NULL COMMENT 'ID ของสมาชิกที่แจ้งโอนเงิน (0 = ผู้ใช้ที่ไม่ได้ login)',
  `trainee_id` int(11) NOT NULL COMMENT 'ID ของผู้สมัคร (ใบสมัคร) ที่ชำระเงิน',
  `service_type` enum('training','social','driving-license','') COLLATE utf8mb4_unicode_ci NOT NULL COMMENT 'training = บริการวิชาการ (ฝึกอบรม), social = บริการสังคม, driving-license = บริการอบรมใบขับขี่',
  `amount` int(11) NOT NULL COMMENT 'ยอดโอน',
  `transfer_date` date NOT NULL,
  `slip_file_name` varchar(100) COLLATE utf8mb4_unicode_ci NOT NULL,
  `created_at` timestamp NOT NULL DEFAULT CURRENT_TIMESTAMP
) ENGINE=InnoDB DEFAULT CHARSET=utf8mb4 COLLATE=utf8mb4_unicode_ci;

--
-- Dumping data for table `payment_notification`
--

INSERT INTO `payment_notification` (`id`, `member_id`, `trainee_id`, `service_type`, `amount`, `transfer_date`, `slip_file_name`, `created_at`) VALUES
(1, 99, 86, 'training', 9, '0000-00-00', '1560413932158-vote_no.png', '2019-06-13 08:18:52'),
(2, 99, 88, 'training', 7, '0000-00-00', '1560414138877-one.png', '2019-06-13 08:22:18'),
(3, 99, 88, 'training', 8, '2019-06-08', '1560414546566-vote_no.png', '2019-06-13 08:29:06'),
(4, 99, 88, 'training', 11, '2019-06-11', '1560421306730-exit_poll.png', '2019-06-13 10:21:46'),
(5, 99, 87, 'training', 2222, '2019-06-13', '1560422440744-vote_no.png', '2019-06-13 10:40:40'),
(6, 99, 70, 'training', 3000, '2019-06-03', '1560438953676-20190318-book-series-04.jpg', '2019-06-13 15:15:53'),
(7, 0, 88, 'training', 1000, '2019-06-01', '1560498887721-Screenshot_1551161003.png', '2019-06-14 07:54:47'),
(8, 99, 88, 'training', 111, '2019-06-11', '1560674829748-one.png', '2019-06-16 08:47:09'),
(9, 99, 6, 'driving-license', 6, '2019-06-06', '1560674876460-exit_poll.png', '2019-06-16 08:47:56'),
(10, 99, 6, 'driving-license', 6, '2019-06-06', '1560675958810-vote_no.png', '2019-06-16 09:05:58'),
(11, 99, 83, 'training', 456, '2019-05-27', '1560676090510-two.png', '2019-06-16 09:08:10'),
(12, 110, 90, 'training', 500, '2019-06-19', '1560924229916-bg-white-300x165.jpg', '2019-06-19 06:03:49'),
(13, 110, 21, 'social', 500, '2019-06-19', '1560676090510-two.png', '2019-06-19 06:03:49');

-- --------------------------------------------------------

--
-- Table structure for table `research_and_academic`
--

CREATE TABLE `research_and_academic` (
  `id` int(10) UNSIGNED NOT NULL,
  `title` varchar(255) COLLATE utf8mb4_unicode_ci DEFAULT NULL,
  `slug` varchar(255) COLLATE utf8mb4_unicode_ci DEFAULT NULL,
  `description` text COLLATE utf8mb4_unicode_ci,
  `featured` tinyint(1) DEFAULT NULL,
  `status` enum('publish','draft') COLLATE utf8mb4_unicode_ci NOT NULL,
  `meta_title` varchar(255) COLLATE utf8mb4_unicode_ci NOT NULL,
  `meta_keywords` varchar(255) COLLATE utf8mb4_unicode_ci DEFAULT NULL,
  `meta_description` text COLLATE utf8mb4_unicode_ci,
  `created_at` timestamp NOT NULL DEFAULT CURRENT_TIMESTAMP ON UPDATE CURRENT_TIMESTAMP,
  `updated_at` timestamp NULL DEFAULT NULL ON UPDATE CURRENT_TIMESTAMP,
  `hit` int(10) DEFAULT '0',
  `created_by` int(10) DEFAULT NULL,
  `updated_by` int(10) DEFAULT NULL,
  `published_year` int(4) DEFAULT NULL,
  `researcher_name` varchar(100) COLLATE utf8mb4_unicode_ci DEFAULT NULL,
  `research_funding_source` varchar(150) COLLATE utf8mb4_unicode_ci DEFAULT NULL
) ENGINE=InnoDB DEFAULT CHARSET=utf8mb4 COLLATE=utf8mb4_unicode_ci;

-- --------------------------------------------------------

--
-- Table structure for table `service`
--

CREATE TABLE `service` (
  `id` int(11) NOT NULL,
  `title` varchar(50) COLLATE utf8mb4_unicode_ci NOT NULL,
  `details` varchar(200) COLLATE utf8mb4_unicode_ci NOT NULL,
  `slug` varchar(50) COLLATE utf8mb4_unicode_ci NOT NULL
) ENGINE=InnoDB DEFAULT CHARSET=utf8mb4 COLLATE=utf8mb4_unicode_ci;

-- --------------------------------------------------------

--
-- Table structure for table `training_course_category`
--

CREATE TABLE `training_course_category` (
  `id` int(11) NOT NULL,
  `title` varchar(200) COLLATE utf8mb4_unicode_ci NOT NULL,
  `created_at` timestamp NOT NULL DEFAULT CURRENT_TIMESTAMP
) ENGINE=InnoDB DEFAULT CHARSET=utf8mb4 COLLATE=utf8mb4_unicode_ci;

--
-- Dumping data for table `training_course_category`
--

INSERT INTO `training_course_category` (`id`, `title`, `created_at`) VALUES
(1, 'หลักสูตรสำหรับนักบริหาร', '2019-08-16 03:17:52'),
(2, 'การบริหารและจัดการทั่วไป', '2019-08-16 03:17:52'),
(3, 'พัฒนาระบบคิด', '2019-08-16 03:17:52');

-- --------------------------------------------------------

--
-- Table structure for table `user`
--

CREATE TABLE `user` (
  `id` int(11) NOT NULL,
  `username` varchar(50) COLLATE utf8mb4_unicode_ci NOT NULL,
  `password` varchar(100) COLLATE utf8mb4_unicode_ci NOT NULL,
  `title` varchar(50) COLLATE utf8mb4_unicode_ci NOT NULL,
  `first_name` varchar(100) COLLATE utf8mb4_unicode_ci NOT NULL,
  `last_name` varchar(100) COLLATE utf8mb4_unicode_ci NOT NULL,
  `position` varchar(200) COLLATE utf8mb4_unicode_ci NOT NULL,
  `department_id` int(11) NOT NULL,
  `sort_index` int(11) NOT NULL,
  `email` varchar(100) COLLATE utf8mb4_unicode_ci DEFAULT NULL,
  `phone` varchar(100) COLLATE utf8mb4_unicode_ci NOT NULL,
  `phone_office` varchar(100) COLLATE utf8mb4_unicode_ci NOT NULL,
  `phone_extension` int(11) NOT NULL,
  `details` text COLLATE utf8mb4_unicode_ci,
  `show_details` tinyint(1) NOT NULL,
  `image_file_name` varchar(200) COLLATE utf8mb4_unicode_ci NOT NULL,
  `role` enum('admin','super_admin','') COLLATE utf8mb4_unicode_ci NOT NULL DEFAULT 'admin',
  `status` enum('active','inactive','deleted','') COLLATE utf8mb4_unicode_ci NOT NULL DEFAULT 'active',
  `permissions` int(11) NOT NULL DEFAULT '0' COMMENT 'bit fields ระบุสิทธิการจัดการต่างๆ',
  `created_at` timestamp NOT NULL DEFAULT CURRENT_TIMESTAMP
) ENGINE=InnoDB DEFAULT CHARSET=utf8mb4 COLLATE=utf8mb4_unicode_ci;

--
-- Dumping data for table `user`
--

INSERT INTO `user` (`id`, `username`, `password`, `title`, `first_name`, `last_name`, `position`, `department_id`, `sort_index`, `email`, `phone`, `phone_office`, `phone_extension`, `details`, `show_details`, `image_file_name`, `role`, `status`, `permissions`, `created_at`) VALUES
(1, 'promlert', 'e99a18c428cb38d5f260853678922e03', '', 'พร้อมเลิศ', 'หล่อวิจิตร', '', 0, 0, 'promlert@gmail.com', '', '02-555-5555-99 ต่อ 1234', 0, '', 0, '', 'super_admin', 'active', 1, '2018-11-23 17:13:45'),
(2, 'test', '098f6bcd4621d373cade4e832627b4f6', '', 'test_first_name', 'test_last_name', '', 0, 0, NULL, '', '', 0, '', 0, '', 'admin', 'active', 1, '2018-11-23 17:17:09'),
(3, 'user', 'ee11cbb19052e40b07aac0ca060c23ee', '', 'Normal', 'User', '', 0, 0, NULL, '', '', 0, '', 0, '', '', 'active', 1, '2018-11-28 08:20:36'),
(4, 'admin', '21232f297a57a5a743894a0e4a801fc3', '', 'Normal', 'Admin', '', 0, 0, NULL, '', '', 0, '', 0, '', 'admin', 'active', 1, '2018-11-28 08:20:36'),
(5, 'superadmin', '17c4520f6cfd1ab53d8745e84681eb49', '', 'Super', 'Admin', '', 0, 0, NULL, '', '', 0, '', 0, '', 'super_admin', 'active', 1, '2018-11-28 08:21:08'),
(6, 'super', '1b3231655cebb7a1f783eddf27d254ca', '', 'Super', 'Admin', '', 2, 1, NULL, '', '', 0, '', 0, '', 'super_admin', 'active', 2147483647, '2018-11-28 08:22:35'),
(7, 'supachai', 'supachai', 'ผศ.ดร.', 'ศุภชัย', 'ศรีสุชาติ', 'ผู้อำนวยการ', 1, 1, 'supachai@gmail.com', '081-222-3333', '02-123-4567', 111, '', 1, '_profile.jpg', '', 'active', 0, '2019-08-08 08:15:25'),
(8, 'a', '0cc175b9c0f1b6a831c399e269772661', 'a', 'a', 'a', 'a', 1, 4, 'a@a.com', 'a', 'a', 0, '<p>aaa</p>\n', 1, '1565259248354-2843807.jpg', '', 'active', 17406, '2019-08-08 10:14:08'),
(9, 'b', '92eb5ffee6ae2fec3ad71c777531578f', 'b', 'b', 'b', 'b', 1, 3, 'b@b.com', 'b', 'b', 222, '', 0, '1565259453869-android.png', '', 'active', 32, '2019-08-08 10:17:33'),
(10, 'aa', '0cc175b9c0f1b6a831c399e269772661', 'a', 'a', 'a', 'a', 1, 2, 'a@a.com', 'a', 'a', 1, '', 0, '1565260826501-android.png', '', 'active', 1, '2019-08-08 10:40:26');

-- --------------------------------------------------------

--
-- Table structure for table `user_department`
--

CREATE TABLE `user_department` (
  `id` int(11) NOT NULL,
  `name` varchar(200) COLLATE utf8mb4_unicode_ci NOT NULL,
  `sort_index` int(11) NOT NULL,
  `created_at` timestamp NOT NULL DEFAULT CURRENT_TIMESTAMP
) ENGINE=InnoDB DEFAULT CHARSET=utf8mb4 COLLATE=utf8mb4_unicode_ci;

--
-- Dumping data for table `user_department`
--

INSERT INTO `user_department` (`id`, `name`, `sort_index`, `created_at`) VALUES
(1, 'ผู้บริหาร', 2, '2019-08-08 04:07:42'),
(2, 'หัวหน้างาน', 1, '2019-08-08 04:07:42'),
(3, 'งานวิจัยและวิชาการ', 6, '2019-08-08 04:08:15'),
(4, 'งานพัฒนาคนและองค์กร', 5, '2019-08-08 04:08:15'),
(5, 'งานบริการสังคมและชุมชน', 4, '2019-08-08 04:08:40'),
(6, 'งานบริหารสำนักงาน', 3, '2019-08-08 04:08:40');

--
-- Indexes for dumped tables
--

--
-- Indexes for table `academic_paper`
--
ALTER TABLE `academic_paper`
  ADD PRIMARY KEY (`id`);

--
-- Indexes for table `academic_paper_download`
--
ALTER TABLE `academic_paper_download`
  ADD PRIMARY KEY (`id`);

--
-- Indexes for table `article`
--
ALTER TABLE `article`
  ADD PRIMARY KEY (`id`);

--
-- Indexes for table `banners`
--
ALTER TABLE `banners`
  ADD PRIMARY KEY (`id`);

--
-- Indexes for table `course`
--
ALTER TABLE `course`
  ADD PRIMARY KEY (`id`);

--
-- Indexes for table `course_asset`
--
ALTER TABLE `course_asset`
  ADD PRIMARY KEY (`id`);

--
-- Indexes for table `course_fee`
--
ALTER TABLE `course_fee`
  ADD PRIMARY KEY (`id`);

--
-- Indexes for table `course_master`
--
ALTER TABLE `course_master`
  ADD PRIMARY KEY (`id`);

--
-- Indexes for table `course_registration`
--
ALTER TABLE `course_registration`
  ADD PRIMARY KEY (`id`);

--
-- Indexes for table `course_registration_driving_license`
--
ALTER TABLE `course_registration_driving_license`
  ADD PRIMARY KEY (`id`);

--
-- Indexes for table `course_registration_social`
--
ALTER TABLE `course_registration_social`
  ADD PRIMARY KEY (`id`);

--
-- Indexes for table `course_trainee`
--
ALTER TABLE `course_trainee`
  ADD PRIMARY KEY (`id`);

--
-- Indexes for table `documents_download`
--
ALTER TABLE `documents_download`
  ADD PRIMARY KEY (`id`);

--
-- Indexes for table `document_download`
--
ALTER TABLE `document_download`
  ADD PRIMARY KEY (`id`);

--
-- Indexes for table `driving_license_course_type`
--
ALTER TABLE `driving_license_course_type`
  ADD PRIMARY KEY (`id`);

--
-- Indexes for table `driving_license_lecturer`
--
ALTER TABLE `driving_license_lecturer`
  ADD PRIMARY KEY (`id`);

--
-- Indexes for table `faq`
--
ALTER TABLE `faq`
  ADD PRIMARY KEY (`id`);

--
-- Indexes for table `intro`
--
ALTER TABLE `intro`
  ADD PRIMARY KEY (`id`);

--
-- Indexes for table `in_house`
--
ALTER TABLE `in_house`
  ADD PRIMARY KEY (`id`);

--
-- Indexes for table `media`
--
ALTER TABLE `media`
  ADD PRIMARY KEY (`id`);

--
-- Indexes for table `member`
--
ALTER TABLE `member`
  ADD PRIMARY KEY (`id`),
  ADD UNIQUE KEY `email` (`email`);

--
-- Indexes for table `menus`
--
ALTER TABLE `menus`
  ADD PRIMARY KEY (`id`);

--
-- Indexes for table `name_title`
--
ALTER TABLE `name_title`
  ADD PRIMARY KEY (`id`);

--
-- Indexes for table `news`
--
ALTER TABLE `news`
  ADD PRIMARY KEY (`id`);

--
-- Indexes for table `news_asset`
--
ALTER TABLE `news_asset`
  ADD PRIMARY KEY (`id`);

--
-- Indexes for table `organization`
--
ALTER TABLE `organization`
  ADD PRIMARY KEY (`id`);

--
-- Indexes for table `organization_categorys`
--
ALTER TABLE `organization_categorys`
  ADD PRIMARY KEY (`id`);

--
-- Indexes for table `organization_type`
--
ALTER TABLE `organization_type`
  ADD PRIMARY KEY (`id`);

--
-- Indexes for table `payment_notification`
--
ALTER TABLE `payment_notification`
  ADD PRIMARY KEY (`id`);

--
-- Indexes for table `research_and_academic`
--
ALTER TABLE `research_and_academic`
  ADD PRIMARY KEY (`id`);

--
-- Indexes for table `service`
--
ALTER TABLE `service`
  ADD PRIMARY KEY (`id`);

--
-- Indexes for table `training_course_category`
--
ALTER TABLE `training_course_category`
  ADD PRIMARY KEY (`id`);

--
-- Indexes for table `user`
--
ALTER TABLE `user`
  ADD PRIMARY KEY (`id`);

--
-- Indexes for table `user_department`
--
ALTER TABLE `user_department`
  ADD PRIMARY KEY (`id`);

--
-- AUTO_INCREMENT for dumped tables
--

--
-- AUTO_INCREMENT for table `academic_paper`
--
ALTER TABLE `academic_paper`
  MODIFY `id` int(11) NOT NULL AUTO_INCREMENT, AUTO_INCREMENT=4;

--
-- AUTO_INCREMENT for table `academic_paper_download`
--
ALTER TABLE `academic_paper_download`
  MODIFY `id` int(11) NOT NULL AUTO_INCREMENT, AUTO_INCREMENT=3;

--
-- AUTO_INCREMENT for table `article`
--
ALTER TABLE `article`
  MODIFY `id` int(10) UNSIGNED NOT NULL AUTO_INCREMENT, AUTO_INCREMENT=11;

--
-- AUTO_INCREMENT for table `banners`
--
ALTER TABLE `banners`
  MODIFY `id` int(10) UNSIGNED NOT NULL AUTO_INCREMENT, AUTO_INCREMENT=3;

--
-- AUTO_INCREMENT for table `course`
--
ALTER TABLE `course`
  MODIFY `id` int(11) NOT NULL AUTO_INCREMENT, AUTO_INCREMENT=28;

--
-- AUTO_INCREMENT for table `course_asset`
--
ALTER TABLE `course_asset`
  MODIFY `id` int(11) NOT NULL AUTO_INCREMENT, AUTO_INCREMENT=49;

--
-- AUTO_INCREMENT for table `course_fee`
--
ALTER TABLE `course_fee`
  MODIFY `id` int(11) NOT NULL AUTO_INCREMENT, AUTO_INCREMENT=98;

--
-- AUTO_INCREMENT for table `course_master`
--
ALTER TABLE `course_master`
  MODIFY `id` int(11) NOT NULL AUTO_INCREMENT, AUTO_INCREMENT=13;

--
-- AUTO_INCREMENT for table `course_registration`
--
ALTER TABLE `course_registration`
  MODIFY `id` int(11) NOT NULL AUTO_INCREMENT, AUTO_INCREMENT=97;

--
-- AUTO_INCREMENT for table `course_registration_driving_license`
--
ALTER TABLE `course_registration_driving_license`
  MODIFY `id` int(11) NOT NULL AUTO_INCREMENT, AUTO_INCREMENT=22;

--
-- AUTO_INCREMENT for table `course_registration_social`
--
ALTER TABLE `course_registration_social`
  MODIFY `id` int(11) NOT NULL AUTO_INCREMENT, AUTO_INCREMENT=42;

--
-- AUTO_INCREMENT for table `course_trainee`
--
ALTER TABLE `course_trainee`
  MODIFY `id` int(11) NOT NULL AUTO_INCREMENT, AUTO_INCREMENT=112;

--
-- AUTO_INCREMENT for table `documents_download`
--
ALTER TABLE `documents_download`
  MODIFY `id` int(11) NOT NULL AUTO_INCREMENT, AUTO_INCREMENT=18;

--
-- AUTO_INCREMENT for table `document_download`
--
ALTER TABLE `document_download`
  MODIFY `id` int(11) NOT NULL AUTO_INCREMENT, AUTO_INCREMENT=18;

--
-- AUTO_INCREMENT for table `driving_license_course_type`
--
ALTER TABLE `driving_license_course_type`
  MODIFY `id` int(11) NOT NULL AUTO_INCREMENT, AUTO_INCREMENT=4;

--
-- AUTO_INCREMENT for table `driving_license_lecturer`
--
ALTER TABLE `driving_license_lecturer`
  MODIFY `id` int(11) NOT NULL AUTO_INCREMENT;

--
-- AUTO_INCREMENT for table `faq`
--
ALTER TABLE `faq`
  MODIFY `id` int(10) UNSIGNED NOT NULL AUTO_INCREMENT, AUTO_INCREMENT=8;

--
-- AUTO_INCREMENT for table `intro`
--
ALTER TABLE `intro`
  MODIFY `id` int(11) NOT NULL AUTO_INCREMENT, AUTO_INCREMENT=9;

--
-- AUTO_INCREMENT for table `in_house`
--
ALTER TABLE `in_house`
  MODIFY `id` int(11) NOT NULL AUTO_INCREMENT, AUTO_INCREMENT=5;

--
-- AUTO_INCREMENT for table `media`
--
ALTER TABLE `media`
  MODIFY `id` int(10) UNSIGNED NOT NULL AUTO_INCREMENT, AUTO_INCREMENT=23;

--
-- AUTO_INCREMENT for table `member`
--
ALTER TABLE `member`
  MODIFY `id` int(11) NOT NULL AUTO_INCREMENT, AUTO_INCREMENT=114;

--
-- AUTO_INCREMENT for table `menus`
--
ALTER TABLE `menus`
  MODIFY `id` int(10) UNSIGNED NOT NULL AUTO_INCREMENT;

--
-- AUTO_INCREMENT for table `name_title`
--
ALTER TABLE `name_title`
  MODIFY `id` int(11) NOT NULL AUTO_INCREMENT, AUTO_INCREMENT=13;

--
-- AUTO_INCREMENT for table `news`
--
ALTER TABLE `news`
  MODIFY `id` int(11) NOT NULL AUTO_INCREMENT, AUTO_INCREMENT=19;

--
-- AUTO_INCREMENT for table `news_asset`
--
ALTER TABLE `news_asset`
  MODIFY `id` int(11) NOT NULL AUTO_INCREMENT, AUTO_INCREMENT=44;

--
-- AUTO_INCREMENT for table `organization`
--
ALTER TABLE `organization`
  MODIFY `id` int(10) NOT NULL AUTO_INCREMENT;

--
-- AUTO_INCREMENT for table `organization_categorys`
--
ALTER TABLE `organization_categorys`
  MODIFY `id` int(10) NOT NULL AUTO_INCREMENT;

--
-- AUTO_INCREMENT for table `organization_type`
--
ALTER TABLE `organization_type`
  MODIFY `id` int(11) NOT NULL AUTO_INCREMENT, AUTO_INCREMENT=8;

--
-- AUTO_INCREMENT for table `payment_notification`
--
ALTER TABLE `payment_notification`
  MODIFY `id` int(11) NOT NULL AUTO_INCREMENT, AUTO_INCREMENT=14;

--
-- AUTO_INCREMENT for table `research_and_academic`
--
ALTER TABLE `research_and_academic`
  MODIFY `id` int(10) UNSIGNED NOT NULL AUTO_INCREMENT;

--
-- AUTO_INCREMENT for table `service`
--
ALTER TABLE `service`
  MODIFY `id` int(11) NOT NULL AUTO_INCREMENT;

--
-- AUTO_INCREMENT for table `training_course_category`
--
ALTER TABLE `training_course_category`
  MODIFY `id` int(11) NOT NULL AUTO_INCREMENT, AUTO_INCREMENT=4;

--
-- AUTO_INCREMENT for table `user`
--
ALTER TABLE `user`
  MODIFY `id` int(11) NOT NULL AUTO_INCREMENT, AUTO_INCREMENT=11;

--
-- AUTO_INCREMENT for table `user_department`
--
ALTER TABLE `user_department`
  MODIFY `id` int(11) NOT NULL AUTO_INCREMENT, AUTO_INCREMENT=7;
COMMIT;

/*!40101 SET CHARACTER_SET_CLIENT=@OLD_CHARACTER_SET_CLIENT */;
/*!40101 SET CHARACTER_SET_RESULTS=@OLD_CHARACTER_SET_RESULTS */;
/*!40101 SET COLLATION_CONNECTION=@OLD_COLLATION_CONNECTION */;
